,endog_vars,exog_vars,ieps_sin_gas_neto_(mdp)_r,importaciones_neto_(mdp)_r,ing_trib_sin_gasol_neto_(mdp)_r,isr_neto_(mdp)_r,iva_neto_(mdp)_r,model,params,split_date
0,"['isr_neto_(mdp)_r', 'iva_neto_(mdp)_r', 'ing_trib_sin_gasol_neto_(mdp)_r', 'ieps_sin_gas_neto_(mdp)_r', 'importaciones_neto_(mdp)_r']",None,"{Timestamp('2015-01-01 00:00:00', freq='AS-JAN'): 30190.55213568645, Timestamp('2016-01-01 00:00:00', freq='AS-JAN'): 58551.16845974415}","{Timestamp('2015-01-01 00:00:00', freq='AS-JAN'): 1437.5945330158138, Timestamp('2016-01-01 00:00:00', freq='AS-JAN'): 1060.677729002724}","{Timestamp('2015-01-01 00:00:00', freq='AS-JAN'): -174857.78815327864, Timestamp('2016-01-01 00:00:00', freq='AS-JAN'): -2762973.5885210186}","{Timestamp('2015-01-01 00:00:00', freq='AS-JAN'): -96369.0041476565, Timestamp('2016-01-01 00:00:00', freq='AS-JAN'): -321001.1613215199}","{Timestamp('2015-01-01 00:00:00', freq='AS-JAN'): -46140.82292262826, Timestamp('2016-01-01 00:00:00', freq='AS-JAN'): -572649.8675045607}",GB,"{'learning_rate': 0.1, 'max_depth': 5, 'n_estimators': 100, 'random_state': 1234, 'subsample': 0.1}",2015-07-01
1,"['isr_neto_(mdp)_r', 'iva_neto_(mdp)_r', 'ing_trib_sin_gasol_neto_(mdp)_r', 'ieps_sin_gas_neto_(mdp)_r', 'importaciones_neto_(mdp)_r']",None,"{Timestamp('2015-01-01 00:00:00', freq='AS-JAN'): 39705.03864003542, Timestamp('2016-01-01 00:00:00', freq='AS-JAN'): 89840.72497859225}","{Timestamp('2015-01-01 00:00:00', freq='AS-JAN'): 1371.4057175684138, Timestamp('2016-01-01 00:00:00', freq='AS-JAN'): 6852.60485493052}","{Timestamp('2015-01-01 00:00:00', freq='AS-JAN'): -41892.93946899893, Timestamp('2016-01-01 00:00:00', freq='AS-JAN'): 650082.5376660172}","{Timestamp('2015-01-01 00:00:00', freq='AS-JAN'): -25370.33322888869, Timestamp('2016-01-01 00:00:00', freq='AS-JAN'): 486744.9315045541}","{Timestamp('2015-01-01 00:00:00', freq='AS-JAN'): -36519.669167920016, Timestamp('2016-01-01 00:00:00', freq='AS-JAN'): -201095.0054063279}",GB,"{'learning_rate': 0.1, 'max_depth': 5, 'n_estimators': 100, 'random_state': 1234, 'subsample': 0.5}",2015-07-01
2,"['isr_neto_(mdp)_r', 'iva_neto_(mdp)_r', 'ing_trib_sin_gasol_neto_(mdp)_r', 'ieps_sin_gas_neto_(mdp)_r', 'importaciones_neto_(mdp)_r']",None,"{Timestamp('2015-01-01 00:00:00', freq='AS-JAN'): 39711.89526731137, Timestamp('2016-01-01 00:00:00', freq='AS-JAN'): 67664.37271022738}","{Timestamp('2015-01-01 00:00:00', freq='AS-JAN'): 5167.971638912219, Timestamp('2016-01-01 00:00:00', freq='AS-JAN'): 27274.1931827839}","{Timestamp('2015-01-01 00:00:00', freq='AS-JAN'): 28402.32532325806, Timestamp('2016-01-01 00:00:00', freq='AS-JAN'): 2764.4327655355446}","{Timestamp('2015-01-01 00:00:00', freq='AS-JAN'): 26567.72983067599, Timestamp('2016-01-01 00:00:00', freq='AS-JAN'): 33868.63726764405}","{Timestamp('2015-01-01 00:00:00', freq='AS-JAN'): -12690.87125896709, Timestamp('2016-01-01 00:00:00', freq='AS-JAN'): -117576.82606921776}",GB,"{'learning_rate': 0.1, 'max_depth': 5, 'n_estimators': 100, 'random_state': 1234, 'subsample': 1.0}",2015-07-01
3,"['isr_neto_(mdp)_r', 'iva_neto_(mdp)_r', 'ing_trib_sin_gasol_neto_(mdp)_r', 'ieps_sin_gas_neto_(mdp)_r', 'importaciones_neto_(mdp)_r']",None,"{Timestamp('2015-01-01 00:00:00', freq='AS-JAN'): 47813.10259860195, Timestamp('2016-01-01 00:00:00', freq='AS-JAN'): 153877.64042086666}","{Timestamp('2015-01-01 00:00:00', freq='AS-JAN'): -49880.89561667896, Timestamp('2016-01-01 00:00:00', freq='AS-JAN'): -801377.6164158749}","{Timestamp('2015-01-01 00:00:00', freq='AS-JAN'): -1109864.2660963228, Timestamp('2016-01-01 00:00:00', freq='AS-JAN'): -1314782.571302346}","{Timestamp('2015-01-01 00:00:00', freq='AS-JAN'): -2605981.861412066, Timestamp('2016-01-01 00:00:00', freq='AS-JAN'): -249389876.49200848}","{Timestamp('2015-01-01 00:00:00', freq='AS-JAN'): -241751.6633626381, Timestamp('2016-01-01 00:00:00', freq='AS-JAN'): 763580.7398916486}",GB,"{'learning_rate': 0.1, 'max_depth': 5, 'n_estimators': 1000, 'random_state': 1234, 'subsample': 0.1}",2015-07-01
4,"['isr_neto_(mdp)_r', 'iva_neto_(mdp)_r', 'ing_trib_sin_gasol_neto_(mdp)_r', 'ieps_sin_gas_neto_(mdp)_r', 'importaciones_neto_(mdp)_r']",None,"{Timestamp('2015-01-01 00:00:00', freq='AS-JAN'): 44139.0737106412, Timestamp('2016-01-01 00:00:00', freq='AS-JAN'): 106998.50686918547}","{Timestamp('2015-01-01 00:00:00', freq='AS-JAN'): 3024.0370588352307, Timestamp('2016-01-01 00:00:00', freq='AS-JAN'): 28609.044505059133}","{Timestamp('2015-01-01 00:00:00', freq='AS-JAN'): 83594.98311598878, Timestamp('2016-01-01 00:00:00', freq='AS-JAN'): 1420421.1158638268}","{Timestamp('2015-01-01 00:00:00', freq='AS-JAN'): -12133.230560820084, Timestamp('2016-01-01 00:00:00', freq='AS-JAN'): 636955.0621862393}","{Timestamp('2015-01-01 00:00:00', freq='AS-JAN'): -57622.003425395465, Timestamp('2016-01-01 00:00:00', freq='AS-JAN'): 127751.58906235697}",GB,"{'learning_rate': 0.1, 'max_depth': 5, 'n_estimators': 1000, 'random_state': 1234, 'subsample': 0.5}",2015-07-01
5,"['isr_neto_(mdp)_r', 'iva_neto_(mdp)_r', 'ing_trib_sin_gasol_neto_(mdp)_r', 'ieps_sin_gas_neto_(mdp)_r', 'importaciones_neto_(mdp)_r']",None,"{Timestamp('2015-01-01 00:00:00', freq='AS-JAN'): 38405.36560602422, Timestamp('2016-01-01 00:00:00', freq='AS-JAN'): 68028.43717872916}","{Timestamp('2015-01-01 00:00:00', freq='AS-JAN'): 3698.050357440283, Timestamp('2016-01-01 00:00:00', freq='AS-JAN'): 28938.847546020803}","{Timestamp('2015-01-01 00:00:00', freq='AS-JAN'): 59529.29006862175, Timestamp('2016-01-01 00:00:00', freq='AS-JAN'): 262181.16858853446}","{Timestamp('2015-01-01 00:00:00', freq='AS-JAN'): 62779.593937923666, Timestamp('2016-01-01 00:00:00', freq='AS-JAN'): 181719.7320124954}","{Timestamp('2015-01-01 00:00:00', freq='AS-JAN'): -23877.86635255674, Timestamp('2016-01-01 00:00:00', freq='AS-JAN'): -14748.013858479098}",GB,"{'learning_rate': 0.1, 'max_depth': 5, 'n_estimators': 1000, 'random_state': 1234, 'subsample': 1.0}",2015-07-01
6,"['isr_neto_(mdp)_r', 'iva_neto_(mdp)_r', 'ing_trib_sin_gasol_neto_(mdp)_r', 'ieps_sin_gas_neto_(mdp)_r', 'importaciones_neto_(mdp)_r']",None,"{Timestamp('2015-01-01 00:00:00', freq='AS-JAN'): 48101.620393305755, Timestamp('2016-01-01 00:00:00', freq='AS-JAN'): 121588.52687065504}","{Timestamp('2015-01-01 00:00:00', freq='AS-JAN'): 7959.498290353389, Timestamp('2016-01-01 00:00:00', freq='AS-JAN'): 36191.61669354338}","{Timestamp('2015-01-01 00:00:00', freq='AS-JAN'): 229213.55282361014, Timestamp('2016-01-01 00:00:00', freq='AS-JAN'): 1455039.886852921}","{Timestamp('2015-01-01 00:00:00', freq='AS-JAN'): 82609.67687916476, Timestamp('2016-01-01 00:00:00', freq='AS-JAN'): 941882.0292432891}","{Timestamp('2015-01-01 00:00:00', freq='AS-JAN'): 96328.75324240571, Timestamp('2016-01-01 00:00:00', freq='AS-JAN'): 470405.6010326589}",GB,"{'learning_rate': 0.1, 'max_depth': 10, 'n_estimators': 100, 'random_state': 1234, 'subsample': 0.1}",2015-07-01
7,"['isr_neto_(mdp)_r', 'iva_neto_(mdp)_r', 'ing_trib_sin_gasol_neto_(mdp)_r', 'ieps_sin_gas_neto_(mdp)_r', 'importaciones_neto_(mdp)_r']",None,"{Timestamp('2015-01-01 00:00:00', freq='AS-JAN'): 33363.185140969, Timestamp('2016-01-01 00:00:00', freq='AS-JAN'): 51206.72876446626}","{Timestamp('2015-01-01 00:00:00', freq='AS-JAN'): -1268.316464148149, Timestamp('2016-01-01 00:00:00', freq='AS-JAN'): 6718.8629073156335}","{Timestamp('2015-01-01 00:00:00', freq='AS-JAN'): -41106.11937015131, Timestamp('2016-01-01 00:00:00', freq='AS-JAN'): 402947.98747361125}","{Timestamp('2015-01-01 00:00:00', freq='AS-JAN'): -117634.99520288385, Timestamp('2016-01-01 00:00:00', freq='AS-JAN'): -39118.369068981614}","{Timestamp('2015-01-01 00:00:00', freq='AS-JAN'): 7272.196379572153, Timestamp('2016-01-01 00:00:00', freq='AS-JAN'): 318286.8323992522}",GB,"{'learning_rate': 0.1, 'max_depth': 10, 'n_estimators': 100, 'random_state': 1234, 'subsample': 0.5}",2015-07-01
8,"['isr_neto_(mdp)_r', 'iva_neto_(mdp)_r', 'ing_trib_sin_gasol_neto_(mdp)_r', 'ieps_sin_gas_neto_(mdp)_r', 'importaciones_neto_(mdp)_r']",None,"{Timestamp('2015-01-01 00:00:00', freq='AS-JAN'): 39219.60309845237, Timestamp('2016-01-01 00:00:00', freq='AS-JAN'): 73804.35381052493}","{Timestamp('2015-01-01 00:00:00', freq='AS-JAN'): 1438.4649724576811, Timestamp('2016-01-01 00:00:00', freq='AS-JAN'): -3600.655542270906}","{Timestamp('2015-01-01 00:00:00', freq='AS-JAN'): 22762.999921446666, Timestamp('2016-01-01 00:00:00', freq='AS-JAN'): 38181.27712913463}","{Timestamp('2015-01-01 00:00:00', freq='AS-JAN'): 70942.40836954163, Timestamp('2016-01-01 00:00:00', freq='AS-JAN'): 619545.7640413988}","{Timestamp('2015-01-01 00:00:00', freq='AS-JAN'): 15944.494617359596, Timestamp('2016-01-01 00:00:00', freq='AS-JAN'): 78840.5804393175}",GB,"{'learning_rate': 0.1, 'max_depth': 10, 'n_estimators': 100, 'random_state': 1234, 'subsample': 1.0}",2015-07-01
9,"['isr_neto_(mdp)_r', 'iva_neto_(mdp)_r', 'ing_trib_sin_gasol_neto_(mdp)_r', 'ieps_sin_gas_neto_(mdp)_r', 'importaciones_neto_(mdp)_r']",None,"{Timestamp('2015-01-01 00:00:00', freq='AS-JAN'): -48669.50545587487, Timestamp('2016-01-01 00:00:00', freq='AS-JAN'): 53140.70818144805}","{Timestamp('2015-01-01 00:00:00', freq='AS-JAN'): -6864.7263638122095, Timestamp('2016-01-01 00:00:00', freq='AS-JAN'): 57383.90878247579}","{Timestamp('2015-01-01 00:00:00', freq='AS-JAN'): -589781.8831110336, Timestamp('2016-01-01 00:00:00', freq='AS-JAN'): 2793825.0707057077}","{Timestamp('2015-01-01 00:00:00', freq='AS-JAN'): -321964.5107456299, Timestamp('2016-01-01 00:00:00', freq='AS-JAN'): 994714.8056309447}","{Timestamp('2015-01-01 00:00:00', freq='AS-JAN'): 179459.85090236017, Timestamp('2016-01-01 00:00:00', freq='AS-JAN'): 884433.6737767853}",GB,"{'learning_rate': 0.1, 'max_depth': 10, 'n_estimators': 1000, 'random_state': 1234, 'subsample': 0.1}",2015-07-01
10,"['isr_neto_(mdp)_r', 'iva_neto_(mdp)_r', 'ing_trib_sin_gasol_neto_(mdp)_r', 'ieps_sin_gas_neto_(mdp)_r', 'importaciones_neto_(mdp)_r']",None,"{Timestamp('2015-01-01 00:00:00', freq='AS-JAN'): 31472.047029569876, Timestamp('2016-01-01 00:00:00', freq='AS-JAN'): 44467.40095488653}","{Timestamp('2015-01-01 00:00:00', freq='AS-JAN'): -2636.8271872928235, Timestamp('2016-01-01 00:00:00', freq='AS-JAN'): -1945.378137725158}","{Timestamp('2015-01-01 00:00:00', freq='AS-JAN'): -32615.153974951245, Timestamp('2016-01-01 00:00:00', freq='AS-JAN'): 329972.10617070366}","{Timestamp('2015-01-01 00:00:00', freq='AS-JAN'): -113834.98413074692, Timestamp('2016-01-01 00:00:00', freq='AS-JAN'): -127084.96191729396}","{Timestamp('2015-01-01 00:00:00', freq='AS-JAN'): 7940.030855394318, Timestamp('2016-01-01 00:00:00', freq='AS-JAN'): 288027.10879676894}",GB,"{'learning_rate': 0.1, 'max_depth': 10, 'n_estimators': 1000, 'random_state': 1234, 'subsample': 0.5}",2015-07-01
11,"['isr_neto_(mdp)_r', 'iva_neto_(mdp)_r', 'ing_trib_sin_gasol_neto_(mdp)_r', 'ieps_sin_gas_neto_(mdp)_r', 'importaciones_neto_(mdp)_r']",None,"{Timestamp('2015-01-01 00:00:00', freq='AS-JAN'): 39202.734196089354, Timestamp('2016-01-01 00:00:00', freq='AS-JAN'): 73646.77281078164}","{Timestamp('2015-01-01 00:00:00', freq='AS-JAN'): 1446.357499242251, Timestamp('2016-01-01 00:00:00', freq='AS-JAN'): -3517.4358155804584}","{Timestamp('2015-01-01 00:00:00', freq='AS-JAN'): 23686.376979216002, Timestamp('2016-01-01 00:00:00', freq='AS-JAN'): 39879.28138644667}","{Timestamp('2015-01-01 00:00:00', freq='AS-JAN'): 71113.87841860787, Timestamp('2016-01-01 00:00:00', freq='AS-JAN'): 617188.1929455971}","{Timestamp('2015-01-01 00:00:00', freq='AS-JAN'): 16322.967483301996, Timestamp('2016-01-01 00:00:00', freq='AS-JAN'): 80363.11572580354}",GB,"{'learning_rate': 0.1, 'max_depth': 10, 'n_estimators': 1000, 'random_state': 1234, 'subsample': 1.0}",2015-07-01
12,"['isr_neto_(mdp)_r', 'iva_neto_(mdp)_r', 'ing_trib_sin_gasol_neto_(mdp)_r', 'ieps_sin_gas_neto_(mdp)_r', 'importaciones_neto_(mdp)_r']",None,"{Timestamp('2015-01-01 00:00:00', freq='AS-JAN'): -9376521.424027601, Timestamp('2016-01-01 00:00:00', freq='AS-JAN'): -2.915145256493255e+18}","{Timestamp('2015-01-01 00:00:00', freq='AS-JAN'): -7892046.768593614, Timestamp('2016-01-01 00:00:00', freq='AS-JAN'): -3.67634779401478e+23}","{Timestamp('2015-01-01 00:00:00', freq='AS-JAN'): -226099011.69746563, Timestamp('2016-01-01 00:00:00', freq='AS-JAN'): -4.287234196152253e+22}","{Timestamp('2015-01-01 00:00:00', freq='AS-JAN'): -19563351.766715072, Timestamp('2016-01-01 00:00:00', freq='AS-JAN'): -2746484857257178.0}","{Timestamp('2015-01-01 00:00:00', freq='AS-JAN'): -221686053.26103488, Timestamp('2016-01-01 00:00:00', freq='AS-JAN'): -5.2417441256992915e+26}",GB,"{'learning_rate': 0.5, 'max_depth': 5, 'n_estimators': 100, 'random_state': 1234, 'subsample': 0.1}",2015-07-01
13,"['isr_neto_(mdp)_r', 'iva_neto_(mdp)_r', 'ing_trib_sin_gasol_neto_(mdp)_r', 'ieps_sin_gas_neto_(mdp)_r', 'importaciones_neto_(mdp)_r']",None,"{Timestamp('2015-01-01 00:00:00', freq='AS-JAN'): 57634.20798853236, Timestamp('2016-01-01 00:00:00', freq='AS-JAN'): -4667258.016034528}","{Timestamp('2015-01-01 00:00:00', freq='AS-JAN'): 8252.365195038816, Timestamp('2016-01-01 00:00:00', freq='AS-JAN'): -201350366.72339037}","{Timestamp('2015-01-01 00:00:00', freq='AS-JAN'): 578697.7998117113, Timestamp('2016-01-01 00:00:00', freq='AS-JAN'): -2081551024.9891531}","{Timestamp('2015-01-01 00:00:00', freq='AS-JAN'): 323160.4229230883, Timestamp('2016-01-01 00:00:00', freq='AS-JAN'): -2712554639.7859855}","{Timestamp('2015-01-01 00:00:00', freq='AS-JAN'): 150393.74019760592, Timestamp('2016-01-01 00:00:00', freq='AS-JAN'): -46283517.7695187}",GB,"{'learning_rate': 0.5, 'max_depth': 5, 'n_estimators': 100, 'random_state': 1234, 'subsample': 0.5}",2015-07-01
14,"['isr_neto_(mdp)_r', 'iva_neto_(mdp)_r', 'ing_trib_sin_gasol_neto_(mdp)_r', 'ieps_sin_gas_neto_(mdp)_r', 'importaciones_neto_(mdp)_r']",None,"{Timestamp('2015-01-01 00:00:00', freq='AS-JAN'): 43849.901601726204, Timestamp('2016-01-01 00:00:00', freq='AS-JAN'): 77490.81443640495}","{Timestamp('2015-01-01 00:00:00', freq='AS-JAN'): 3849.8740895281953, Timestamp('2016-01-01 00:00:00', freq='AS-JAN'): 32067.41324894306}","{Timestamp('2015-01-01 00:00:00', freq='AS-JAN'): -190066.0416932637, Timestamp('2016-01-01 00:00:00', freq='AS-JAN'): -933551.1809568708}","{Timestamp('2015-01-01 00:00:00', freq='AS-JAN'): 153285.08723244467, Timestamp('2016-01-01 00:00:00', freq='AS-JAN'): 1117040.7417355278}","{Timestamp('2015-01-01 00:00:00', freq='AS-JAN'): -18289.530657053343, Timestamp('2016-01-01 00:00:00', freq='AS-JAN'): 80097.8822665693}",GB,"{'learning_rate': 0.5, 'max_depth': 5, 'n_estimators': 100, 'random_state': 1234, 'subsample': 1.0}",2015-07-01
15,"['isr_neto_(mdp)_r', 'iva_neto_(mdp)_r', 'ing_trib_sin_gasol_neto_(mdp)_r', 'ieps_sin_gas_neto_(mdp)_r', 'importaciones_neto_(mdp)_r']",None,"{Timestamp('2015-01-01 00:00:00', freq='AS-JAN'): -3792642.5894695437, Timestamp('2016-01-01 00:00:00', freq='AS-JAN'): -72452.90093463595}","{Timestamp('2015-01-01 00:00:00', freq='AS-JAN'): 5176.133400612773, Timestamp('2016-01-01 00:00:00', freq='AS-JAN'): -62073727119.204056}","{Timestamp('2015-01-01 00:00:00', freq='AS-JAN'): 524524.3778273237, Timestamp('2016-01-01 00:00:00', freq='AS-JAN'): -217804371211.72763}","{Timestamp('2015-01-01 00:00:00', freq='AS-JAN'): 191413.9130016882, Timestamp('2016-01-01 00:00:00', freq='AS-JAN'): -434065605515.9619}","{Timestamp('2015-01-01 00:00:00', freq='AS-JAN'): 130082.57990545454, Timestamp('2016-01-01 00:00:00', freq='AS-JAN'): -1036389202.2698905}",GB,"{'learning_rate': 0.5, 'max_depth': 5, 'n_estimators': 1000, 'random_state': 1234, 'subsample': 0.5}",2015-07-01
16,"['isr_neto_(mdp)_r', 'iva_neto_(mdp)_r', 'ing_trib_sin_gasol_neto_(mdp)_r', 'ieps_sin_gas_neto_(mdp)_r', 'importaciones_neto_(mdp)_r']",None,"{Timestamp('2015-01-01 00:00:00', freq='AS-JAN'): 43795.89180934931, Timestamp('2016-01-01 00:00:00', freq='AS-JAN'): 77543.05165330012}","{Timestamp('2015-01-01 00:00:00', freq='AS-JAN'): 3323.2615244074186, Timestamp('2016-01-01 00:00:00', freq='AS-JAN'): 30856.743309288162}","{Timestamp('2015-01-01 00:00:00', freq='AS-JAN'): -185618.77119592903, Timestamp('2016-01-01 00:00:00', freq='AS-JAN'): -984723.4324672716}","{Timestamp('2015-01-01 00:00:00', freq='AS-JAN'): 153780.65181506495, Timestamp('2016-01-01 00:00:00', freq='AS-JAN'): 1108064.8371729327}","{Timestamp('2015-01-01 00:00:00', freq='AS-JAN'): -19468.753715040744, Timestamp('2016-01-01 00:00:00', freq='AS-JAN'): 67530.54992738727}",GB,"{'learning_rate': 0.5, 'max_depth': 5, 'n_estimators': 1000, 'random_state': 1234, 'subsample': 1.0}",2015-07-01
17,"['isr_neto_(mdp)_r', 'iva_neto_(mdp)_r', 'ing_trib_sin_gasol_neto_(mdp)_r', 'ieps_sin_gas_neto_(mdp)_r', 'importaciones_neto_(mdp)_r']",None,"{Timestamp('2015-01-01 00:00:00', freq='AS-JAN'): -1602641.0382064916, Timestamp('2016-01-01 00:00:00', freq='AS-JAN'): -924317.0034488959}","{Timestamp('2015-01-01 00:00:00', freq='AS-JAN'): -299303195.45033336, Timestamp('2016-01-01 00:00:00', freq='AS-JAN'): -3.891511701757938e+24}","{Timestamp('2015-01-01 00:00:00', freq='AS-JAN'): -50397510316.663345, Timestamp('2016-01-01 00:00:00', freq='AS-JAN'): -1.0023341998978433e+27}","{Timestamp('2015-01-01 00:00:00', freq='AS-JAN'): -2884650635.9115043, Timestamp('2016-01-01 00:00:00', freq='AS-JAN'): -4.863037945121591e+22}","{Timestamp('2015-01-01 00:00:00', freq='AS-JAN'): -101934081.35752948, Timestamp('2016-01-01 00:00:00', freq='AS-JAN'): -8.052517453000088e+21}",GB,"{'learning_rate': 0.5, 'max_depth': 10, 'n_estimators': 100, 'random_state': 1234, 'subsample': 0.1}",2015-07-01
18,"['isr_neto_(mdp)_r', 'iva_neto_(mdp)_r', 'ing_trib_sin_gasol_neto_(mdp)_r', 'ieps_sin_gas_neto_(mdp)_r', 'importaciones_neto_(mdp)_r']",None,"{Timestamp('2015-01-01 00:00:00', freq='AS-JAN'): 2214.494989396131, Timestamp('2016-01-01 00:00:00', freq='AS-JAN'): 144612.61342078308}","{Timestamp('2015-01-01 00:00:00', freq='AS-JAN'): -7683.610661725674, Timestamp('2016-01-01 00:00:00', freq='AS-JAN'): -3505109909701.4067}","{Timestamp('2015-01-01 00:00:00', freq='AS-JAN'): 203566.16447832342, Timestamp('2016-01-01 00:00:00', freq='AS-JAN'): -15046509184309.607}","{Timestamp('2015-01-01 00:00:00', freq='AS-JAN'): 143038.12277496303, Timestamp('2016-01-01 00:00:00', freq='AS-JAN'): -161782934048368.4}","{Timestamp('2015-01-01 00:00:00', freq='AS-JAN'): 48622.97349572589, Timestamp('2016-01-01 00:00:00', freq='AS-JAN'): -45526808781.98416}",GB,"{'learning_rate': 0.5, 'max_depth': 10, 'n_estimators': 100, 'random_state': 1234, 'subsample': 0.5}",2015-07-01
19,"['isr_neto_(mdp)_r', 'iva_neto_(mdp)_r', 'ing_trib_sin_gasol_neto_(mdp)_r', 'ieps_sin_gas_neto_(mdp)_r', 'importaciones_neto_(mdp)_r']",None,"{Timestamp('2015-01-01 00:00:00', freq='AS-JAN'): 35949.178406206265, Timestamp('2016-01-01 00:00:00', freq='AS-JAN'): 93950.70483433458}","{Timestamp('2015-01-01 00:00:00', freq='AS-JAN'): 2278.594773714023, Timestamp('2016-01-01 00:00:00', freq='AS-JAN'): 7193.651097730093}","{Timestamp('2015-01-01 00:00:00', freq='AS-JAN'): -14937.864066068083, Timestamp('2016-01-01 00:00:00', freq='AS-JAN'): 197222.99985644827}","{Timestamp('2015-01-01 00:00:00', freq='AS-JAN'): -55306.47280238592, Timestamp('2016-01-01 00:00:00', freq='AS-JAN'): -1322803.6952193258}","{Timestamp('2015-01-01 00:00:00', freq='AS-JAN'): -46061.36850148905, Timestamp('2016-01-01 00:00:00', freq='AS-JAN'): -87651.8562669938}",GB,"{'learning_rate': 0.5, 'max_depth': 10, 'n_estimators': 100, 'random_state': 1234, 'subsample': 1.0}",2015-07-01
20,"['isr_neto_(mdp)_r', 'iva_neto_(mdp)_r', 'ing_trib_sin_gasol_neto_(mdp)_r', 'ieps_sin_gas_neto_(mdp)_r', 'importaciones_neto_(mdp)_r']",None,"{Timestamp('2015-01-01 00:00:00', freq='AS-JAN'): 1711.602388485946, Timestamp('2016-01-01 00:00:00', freq='AS-JAN'): 143841.50010099838}","{Timestamp('2015-01-01 00:00:00', freq='AS-JAN'): -8070.543385681936, Timestamp('2016-01-01 00:00:00', freq='AS-JAN'): -4060075373343.139}","{Timestamp('2015-01-01 00:00:00', freq='AS-JAN'): 199628.25912646996, Timestamp('2016-01-01 00:00:00', freq='AS-JAN'): -15587911122600.54}","{Timestamp('2015-01-01 00:00:00', freq='AS-JAN'): 136041.25716297654, Timestamp('2016-01-01 00:00:00', freq='AS-JAN'): -171969449567691.44}","{Timestamp('2015-01-01 00:00:00', freq='AS-JAN'): 47492.24913453369, Timestamp('2016-01-01 00:00:00', freq='AS-JAN'): -40595898399.09199}",GB,"{'learning_rate': 0.5, 'max_depth': 10, 'n_estimators': 1000, 'random_state': 1234, 'subsample': 0.5}",2015-07-01
21,"['isr_neto_(mdp)_r', 'iva_neto_(mdp)_r', 'ing_trib_sin_gasol_neto_(mdp)_r', 'ieps_sin_gas_neto_(mdp)_r', 'importaciones_neto_(mdp)_r']",None,"{Timestamp('2015-01-01 00:00:00', freq='AS-JAN'): 35949.178406206265, Timestamp('2016-01-01 00:00:00', freq='AS-JAN'): 93950.70483433458}","{Timestamp('2015-01-01 00:00:00', freq='AS-JAN'): 2278.594773714023, Timestamp('2016-01-01 00:00:00', freq='AS-JAN'): 7193.651097730093}","{Timestamp('2015-01-01 00:00:00', freq='AS-JAN'): -14937.864066068083, Timestamp('2016-01-01 00:00:00', freq='AS-JAN'): 197222.99985644827}","{Timestamp('2015-01-01 00:00:00', freq='AS-JAN'): -55306.47280238592, Timestamp('2016-01-01 00:00:00', freq='AS-JAN'): -1322803.6952193258}","{Timestamp('2015-01-01 00:00:00', freq='AS-JAN'): -46061.36850148905, Timestamp('2016-01-01 00:00:00', freq='AS-JAN'): -87651.8562669938}",GB,"{'learning_rate': 0.5, 'max_depth': 10, 'n_estimators': 1000, 'random_state': 1234, 'subsample': 1.0}",2015-07-01
22,"['isr_neto_(mdp)_r', 'iva_neto_(mdp)_r', 'ing_trib_sin_gasol_neto_(mdp)_r', 'ieps_sin_gas_neto_(mdp)_r', 'importaciones_neto_(mdp)_r']",None,"{Timestamp('2016-01-01 00:00:00', freq='AS-JAN'): 20646.42715134693, Timestamp('2017-01-01 00:00:00', freq='AS-JAN'): -54106450.094432995}","{Timestamp('2016-01-01 00:00:00', freq='AS-JAN'): -1423.923647489435, Timestamp('2017-01-01 00:00:00', freq='AS-JAN'): -134749.73455249885}","{Timestamp('2016-01-01 00:00:00', freq='AS-JAN'): -93738.66721701529, Timestamp('2017-01-01 00:00:00', freq='AS-JAN'): -10494861.75706875}","{Timestamp('2016-01-01 00:00:00', freq='AS-JAN'): -204067.26613699202, Timestamp('2017-01-01 00:00:00', freq='AS-JAN'): -4308367.176195331}","{Timestamp('2016-01-01 00:00:00', freq='AS-JAN'): -42496.96116525296, Timestamp('2017-01-01 00:00:00', freq='AS-JAN'): -2153058.353357049}",GB,"{'learning_rate': 0.1, 'max_depth': 5, 'n_estimators': 100, 'random_state': 1234, 'subsample': 0.1}",2016-07-01
23,"['isr_neto_(mdp)_r', 'iva_neto_(mdp)_r', 'ing_trib_sin_gasol_neto_(mdp)_r', 'ieps_sin_gas_neto_(mdp)_r', 'importaciones_neto_(mdp)_r']",None,"{Timestamp('2016-01-01 00:00:00', freq='AS-JAN'): 32345.386077546456, Timestamp('2017-01-01 00:00:00', freq='AS-JAN'): 89109.9788007668}","{Timestamp('2016-01-01 00:00:00', freq='AS-JAN'): -103.30851126764173, Timestamp('2017-01-01 00:00:00', freq='AS-JAN'): -16129.299256950522}","{Timestamp('2016-01-01 00:00:00', freq='AS-JAN'): -81647.08111333102, Timestamp('2017-01-01 00:00:00', freq='AS-JAN'): -1260509.3483020505}","{Timestamp('2016-01-01 00:00:00', freq='AS-JAN'): -170706.02747833962, Timestamp('2017-01-01 00:00:00', freq='AS-JAN'): -1279719.2114840539}","{Timestamp('2016-01-01 00:00:00', freq='AS-JAN'): 17222.326459754724, Timestamp('2017-01-01 00:00:00', freq='AS-JAN'): -139210.60422786616}",GB,"{'learning_rate': 0.1, 'max_depth': 5, 'n_estimators': 100, 'random_state': 1234, 'subsample': 0.5}",2016-07-01
24,"['isr_neto_(mdp)_r', 'iva_neto_(mdp)_r', 'ing_trib_sin_gasol_neto_(mdp)_r', 'ieps_sin_gas_neto_(mdp)_r', 'importaciones_neto_(mdp)_r']",None,"{Timestamp('2016-01-01 00:00:00', freq='AS-JAN'): 28495.953595966814, Timestamp('2017-01-01 00:00:00', freq='AS-JAN'): 66525.92038745362}","{Timestamp('2016-01-01 00:00:00', freq='AS-JAN'): -559.4981801598551, Timestamp('2017-01-01 00:00:00', freq='AS-JAN'): -11090.833574072421}","{Timestamp('2016-01-01 00:00:00', freq='AS-JAN'): -73992.22825264512, Timestamp('2017-01-01 00:00:00', freq='AS-JAN'): -127044.59852155438}","{Timestamp('2016-01-01 00:00:00', freq='AS-JAN'): -132401.24971151422, Timestamp('2017-01-01 00:00:00', freq='AS-JAN'): -446656.81078290637}","{Timestamp('2016-01-01 00:00:00', freq='AS-JAN'): -1516.857272796682, Timestamp('2017-01-01 00:00:00', freq='AS-JAN'): -65959.51678056584}",GB,"{'learning_rate': 0.1, 'max_depth': 5, 'n_estimators': 100, 'random_state': 1234, 'subsample': 1.0}",2016-07-01
25,"['isr_neto_(mdp)_r', 'iva_neto_(mdp)_r', 'ing_trib_sin_gasol_neto_(mdp)_r', 'ieps_sin_gas_neto_(mdp)_r', 'importaciones_neto_(mdp)_r']",None,"{Timestamp('2016-01-01 00:00:00', freq='AS-JAN'): 35510.679654683205, Timestamp('2017-01-01 00:00:00', freq='AS-JAN'): -14229.239383244421}","{Timestamp('2016-01-01 00:00:00', freq='AS-JAN'): 7031.928835692881, Timestamp('2017-01-01 00:00:00', freq='AS-JAN'): -21734.315024883246}","{Timestamp('2016-01-01 00:00:00', freq='AS-JAN'): -1075230.722984645, Timestamp('2017-01-01 00:00:00', freq='AS-JAN'): -14740216.54005653}","{Timestamp('2016-01-01 00:00:00', freq='AS-JAN'): -275020.87188431085, Timestamp('2017-01-01 00:00:00', freq='AS-JAN'): -1894369.2245643947}","{Timestamp('2016-01-01 00:00:00', freq='AS-JAN'): 182979.5010821172, Timestamp('2017-01-01 00:00:00', freq='AS-JAN'): 407990.2062613513}",GB,"{'learning_rate': 0.1, 'max_depth': 5, 'n_estimators': 1000, 'random_state': 1234, 'subsample': 0.1}",2016-07-01
26,"['isr_neto_(mdp)_r', 'iva_neto_(mdp)_r', 'ing_trib_sin_gasol_neto_(mdp)_r', 'ieps_sin_gas_neto_(mdp)_r', 'importaciones_neto_(mdp)_r']",None,"{Timestamp('2016-01-01 00:00:00', freq='AS-JAN'): 32043.665744229074, Timestamp('2017-01-01 00:00:00', freq='AS-JAN'): 86919.5004968031}","{Timestamp('2016-01-01 00:00:00', freq='AS-JAN'): -1035.669674588542, Timestamp('2017-01-01 00:00:00', freq='AS-JAN'): 4100.167472279827}","{Timestamp('2016-01-01 00:00:00', freq='AS-JAN'): 18921.526304649655, Timestamp('2017-01-01 00:00:00', freq='AS-JAN'): -187540.04475503555}","{Timestamp('2016-01-01 00:00:00', freq='AS-JAN'): -133313.32061003707, Timestamp('2017-01-01 00:00:00', freq='AS-JAN'): -263829.19851973024}","{Timestamp('2016-01-01 00:00:00', freq='AS-JAN'): 87922.2049797026, Timestamp('2017-01-01 00:00:00', freq='AS-JAN'): 129745.66179203347}",GB,"{'learning_rate': 0.1, 'max_depth': 5, 'n_estimators': 1000, 'random_state': 1234, 'subsample': 0.5}",2016-07-01
27,"['isr_neto_(mdp)_r', 'iva_neto_(mdp)_r', 'ing_trib_sin_gasol_neto_(mdp)_r', 'ieps_sin_gas_neto_(mdp)_r', 'importaciones_neto_(mdp)_r']",None,"{Timestamp('2016-01-01 00:00:00', freq='AS-JAN'): 30279.691796555722, Timestamp('2017-01-01 00:00:00', freq='AS-JAN'): 67730.28794191568}","{Timestamp('2016-01-01 00:00:00', freq='AS-JAN'): 1182.216880705906, Timestamp('2017-01-01 00:00:00', freq='AS-JAN'): 1118.2280476856104}","{Timestamp('2016-01-01 00:00:00', freq='AS-JAN'): -76476.04015388666, Timestamp('2017-01-01 00:00:00', freq='AS-JAN'): -208692.94451077795}","{Timestamp('2016-01-01 00:00:00', freq='AS-JAN'): -203693.542424649, Timestamp('2017-01-01 00:00:00', freq='AS-JAN'): -993195.4227886277}","{Timestamp('2016-01-01 00:00:00', freq='AS-JAN'): 19482.88449375343, Timestamp('2017-01-01 00:00:00', freq='AS-JAN'): 39232.321932344}",GB,"{'learning_rate': 0.1, 'max_depth': 5, 'n_estimators': 1000, 'random_state': 1234, 'subsample': 1.0}",2016-07-01
28,"['isr_neto_(mdp)_r', 'iva_neto_(mdp)_r', 'ing_trib_sin_gasol_neto_(mdp)_r', 'ieps_sin_gas_neto_(mdp)_r', 'importaciones_neto_(mdp)_r']",None,"{Timestamp('2016-01-01 00:00:00', freq='AS-JAN'): -5292.535633406806, Timestamp('2017-01-01 00:00:00', freq='AS-JAN'): 56409.0223491862}","{Timestamp('2016-01-01 00:00:00', freq='AS-JAN'): -356.981867370494, Timestamp('2017-01-01 00:00:00', freq='AS-JAN'): 41690.228764326006}","{Timestamp('2016-01-01 00:00:00', freq='AS-JAN'): -263496.2391884532, Timestamp('2017-01-01 00:00:00', freq='AS-JAN'): 1835884.1583110453}","{Timestamp('2016-01-01 00:00:00', freq='AS-JAN'): -162800.05483443267, Timestamp('2017-01-01 00:00:00', freq='AS-JAN'): 1119599.1355288583}","{Timestamp('2016-01-01 00:00:00', freq='AS-JAN'): -103181.52170370508, Timestamp('2017-01-01 00:00:00', freq='AS-JAN'): 624093.533662837}",GB,"{'learning_rate': 0.1, 'max_depth': 10, 'n_estimators': 100, 'random_state': 1234, 'subsample': 0.1}",2016-07-01
29,"['isr_neto_(mdp)_r', 'iva_neto_(mdp)_r', 'ing_trib_sin_gasol_neto_(mdp)_r', 'ieps_sin_gas_neto_(mdp)_r', 'importaciones_neto_(mdp)_r']",None,"{Timestamp('2016-01-01 00:00:00', freq='AS-JAN'): 32202.202255225333, Timestamp('2017-01-01 00:00:00', freq='AS-JAN'): 85406.90387966117}","{Timestamp('2016-01-01 00:00:00', freq='AS-JAN'): 3028.0495277179507, Timestamp('2017-01-01 00:00:00', freq='AS-JAN'): -1142.6787745240217}","{Timestamp('2016-01-01 00:00:00', freq='AS-JAN'): -82141.0295396545, Timestamp('2017-01-01 00:00:00', freq='AS-JAN'): 218803.75164025743}","{Timestamp('2016-01-01 00:00:00', freq='AS-JAN'): -68154.61705213273, Timestamp('2017-01-01 00:00:00', freq='AS-JAN'): 258546.83887532074}","{Timestamp('2016-01-01 00:00:00', freq='AS-JAN'): 3886.034824851784, Timestamp('2017-01-01 00:00:00', freq='AS-JAN'): 88587.54724985152}",GB,"{'learning_rate': 0.1, 'max_depth': 10, 'n_estimators': 100, 'random_state': 1234, 'subsample': 0.5}",2016-07-01
30,"['isr_neto_(mdp)_r', 'iva_neto_(mdp)_r', 'ing_trib_sin_gasol_neto_(mdp)_r', 'ieps_sin_gas_neto_(mdp)_r', 'importaciones_neto_(mdp)_r']",None,"{Timestamp('2016-01-01 00:00:00', freq='AS-JAN'): 32213.95141060163, Timestamp('2017-01-01 00:00:00', freq='AS-JAN'): 93493.62336157207}","{Timestamp('2016-01-01 00:00:00', freq='AS-JAN'): 2334.7810469536416, Timestamp('2017-01-01 00:00:00', freq='AS-JAN'): 1673.4911314047931}","{Timestamp('2016-01-01 00:00:00', freq='AS-JAN'): -187995.51004280616, Timestamp('2017-01-01 00:00:00', freq='AS-JAN'): -725698.5816588406}","{Timestamp('2016-01-01 00:00:00', freq='AS-JAN'): -154168.73021646426, Timestamp('2017-01-01 00:00:00', freq='AS-JAN'): -372336.89027901576}","{Timestamp('2016-01-01 00:00:00', freq='AS-JAN'): 11325.056493120966, Timestamp('2017-01-01 00:00:00', freq='AS-JAN'): -76745.84618864732}",GB,"{'learning_rate': 0.1, 'max_depth': 10, 'n_estimators': 100, 'random_state': 1234, 'subsample': 1.0}",2016-07-01
31,"['isr_neto_(mdp)_r', 'iva_neto_(mdp)_r', 'ing_trib_sin_gasol_neto_(mdp)_r', 'ieps_sin_gas_neto_(mdp)_r', 'importaciones_neto_(mdp)_r']",None,"{Timestamp('2016-01-01 00:00:00', freq='AS-JAN'): 48602.14279724343, Timestamp('2017-01-01 00:00:00', freq='AS-JAN'): 99032.34989280361}","{Timestamp('2016-01-01 00:00:00', freq='AS-JAN'): 617.682580265151, Timestamp('2017-01-01 00:00:00', freq='AS-JAN'): 32765.033902552164}","{Timestamp('2016-01-01 00:00:00', freq='AS-JAN'): 78810.21153400559, Timestamp('2017-01-01 00:00:00', freq='AS-JAN'): 1881988.6640131637}","{Timestamp('2016-01-01 00:00:00', freq='AS-JAN'): 296078.9436502876, Timestamp('2017-01-01 00:00:00', freq='AS-JAN'): 1466558.6458529914}","{Timestamp('2016-01-01 00:00:00', freq='AS-JAN'): 17232.78397376195, Timestamp('2017-01-01 00:00:00', freq='AS-JAN'): 547620.8723070896}",GB,"{'learning_rate': 0.1, 'max_depth': 10, 'n_estimators': 1000, 'random_state': 1234, 'subsample': 0.1}",2016-07-01
32,"['isr_neto_(mdp)_r', 'iva_neto_(mdp)_r', 'ing_trib_sin_gasol_neto_(mdp)_r', 'ieps_sin_gas_neto_(mdp)_r', 'importaciones_neto_(mdp)_r']",None,"{Timestamp('2016-01-01 00:00:00', freq='AS-JAN'): 35187.04081178183, Timestamp('2017-01-01 00:00:00', freq='AS-JAN'): 95124.51149378052}","{Timestamp('2016-01-01 00:00:00', freq='AS-JAN'): 3558.364669983406, Timestamp('2017-01-01 00:00:00', freq='AS-JAN'): 3260.8805727785148}","{Timestamp('2016-01-01 00:00:00', freq='AS-JAN'): 4770.980314529501, Timestamp('2017-01-01 00:00:00', freq='AS-JAN'): 324927.7014416056}","{Timestamp('2016-01-01 00:00:00', freq='AS-JAN'): -28735.38693151856, Timestamp('2017-01-01 00:00:00', freq='AS-JAN'): 269666.5837276827}","{Timestamp('2016-01-01 00:00:00', freq='AS-JAN'): 15446.137361732428, Timestamp('2017-01-01 00:00:00', freq='AS-JAN'): 130238.18632342538}",GB,"{'learning_rate': 0.1, 'max_depth': 10, 'n_estimators': 1000, 'random_state': 1234, 'subsample': 0.5}",2016-07-01
33,"['isr_neto_(mdp)_r', 'iva_neto_(mdp)_r', 'ing_trib_sin_gasol_neto_(mdp)_r', 'ieps_sin_gas_neto_(mdp)_r', 'importaciones_neto_(mdp)_r']",None,"{Timestamp('2016-01-01 00:00:00', freq='AS-JAN'): 32254.256340248103, Timestamp('2017-01-01 00:00:00', freq='AS-JAN'): 95890.96199108349}","{Timestamp('2016-01-01 00:00:00', freq='AS-JAN'): 2287.8473712487175, Timestamp('2017-01-01 00:00:00', freq='AS-JAN'): 3041.8301964601633}","{Timestamp('2016-01-01 00:00:00', freq='AS-JAN'): -189782.06144199334, Timestamp('2017-01-01 00:00:00', freq='AS-JAN'): -625378.8560486468}","{Timestamp('2016-01-01 00:00:00', freq='AS-JAN'): -154439.73317266232, Timestamp('2017-01-01 00:00:00', freq='AS-JAN'): -331590.7879557556}","{Timestamp('2016-01-01 00:00:00', freq='AS-JAN'): 11280.31920945691, Timestamp('2017-01-01 00:00:00', freq='AS-JAN'): -47904.20285157289}",GB,"{'learning_rate': 0.1, 'max_depth': 10, 'n_estimators': 1000, 'random_state': 1234, 'subsample': 1.0}",2016-07-01
34,"['isr_neto_(mdp)_r', 'iva_neto_(mdp)_r', 'ing_trib_sin_gasol_neto_(mdp)_r', 'ieps_sin_gas_neto_(mdp)_r', 'importaciones_neto_(mdp)_r']",None,"{Timestamp('2016-01-01 00:00:00', freq='AS-JAN'): 68364.07794811984, Timestamp('2017-01-01 00:00:00', freq='AS-JAN'): 163742.3010195016}","{Timestamp('2016-01-01 00:00:00', freq='AS-JAN'): 27979.15231213033, Timestamp('2017-01-01 00:00:00', freq='AS-JAN'): 56578.34368071912}","{Timestamp('2016-01-01 00:00:00', freq='AS-JAN'): 1263232.4407761372, Timestamp('2017-01-01 00:00:00', freq='AS-JAN'): 2848792.0182206817}","{Timestamp('2016-01-01 00:00:00', freq='AS-JAN'): 676827.6059411651, Timestamp('2017-01-01 00:00:00', freq='AS-JAN'): 1674918.1445694568}","{Timestamp('2016-01-01 00:00:00', freq='AS-JAN'): 415525.972808692, Timestamp('2017-01-01 00:00:00', freq='AS-JAN'): 872636.296415751}",GB,"{'learning_rate': 0.5, 'max_depth': 5, 'n_estimators': 100, 'random_state': 1234, 'subsample': 0.1}",2016-07-01
35,"['isr_neto_(mdp)_r', 'iva_neto_(mdp)_r', 'ing_trib_sin_gasol_neto_(mdp)_r', 'ieps_sin_gas_neto_(mdp)_r', 'importaciones_neto_(mdp)_r']",None,"{Timestamp('2016-01-01 00:00:00', freq='AS-JAN'): 9271.968067354843, Timestamp('2017-01-01 00:00:00', freq='AS-JAN'): -7988.044326007483}","{Timestamp('2016-01-01 00:00:00', freq='AS-JAN'): 15261.345504880592, Timestamp('2017-01-01 00:00:00', freq='AS-JAN'): 45690.90600806601}","{Timestamp('2016-01-01 00:00:00', freq='AS-JAN'): 352886.6317972848, Timestamp('2017-01-01 00:00:00', freq='AS-JAN'): 1590586.8135176841}","{Timestamp('2016-01-01 00:00:00', freq='AS-JAN'): -420918.5433120923, Timestamp('2017-01-01 00:00:00', freq='AS-JAN'): 233203.06474434934}","{Timestamp('2016-01-01 00:00:00', freq='AS-JAN'): 172824.73081608932, Timestamp('2017-01-01 00:00:00', freq='AS-JAN'): 505806.4897778865}",GB,"{'learning_rate': 0.5, 'max_depth': 5, 'n_estimators': 100, 'random_state': 1234, 'subsample': 0.5}",2016-07-01
36,"['isr_neto_(mdp)_r', 'iva_neto_(mdp)_r', 'ing_trib_sin_gasol_neto_(mdp)_r', 'ieps_sin_gas_neto_(mdp)_r', 'importaciones_neto_(mdp)_r']",None,"{Timestamp('2016-01-01 00:00:00', freq='AS-JAN'): 34347.0253233305, Timestamp('2017-01-01 00:00:00', freq='AS-JAN'): 70912.1264090733}","{Timestamp('2016-01-01 00:00:00', freq='AS-JAN'): -661.483345691362, Timestamp('2017-01-01 00:00:00', freq='AS-JAN'): 9212.63764203588}","{Timestamp('2016-01-01 00:00:00', freq='AS-JAN'): 74664.75918213557, Timestamp('2017-01-01 00:00:00', freq='AS-JAN'): 186671.83159632003}","{Timestamp('2016-01-01 00:00:00', freq='AS-JAN'): 58251.55260228249, Timestamp('2017-01-01 00:00:00', freq='AS-JAN'): 645664.0570604729}","{Timestamp('2016-01-01 00:00:00', freq='AS-JAN'): 155078.81739743974, Timestamp('2017-01-01 00:00:00', freq='AS-JAN'): 442435.69471861125}",GB,"{'learning_rate': 0.5, 'max_depth': 5, 'n_estimators': 100, 'random_state': 1234, 'subsample': 1.0}",2016-07-01
37,"['isr_neto_(mdp)_r', 'iva_neto_(mdp)_r', 'ing_trib_sin_gasol_neto_(mdp)_r', 'ieps_sin_gas_neto_(mdp)_r', 'importaciones_neto_(mdp)_r']",None,"{Timestamp('2016-01-01 00:00:00', freq='AS-JAN'): -222500511113.878, Timestamp('2017-01-01 00:00:00', freq='AS-JAN'): 163742.8689981414}","{Timestamp('2016-01-01 00:00:00', freq='AS-JAN'): 30868.773991261605, Timestamp('2017-01-01 00:00:00', freq='AS-JAN'): 56578.34370952896}","{Timestamp('2016-01-01 00:00:00', freq='AS-JAN'): -11097085804.290104, Timestamp('2017-01-01 00:00:00', freq='AS-JAN'): 2848792.0182228466}","{Timestamp('2016-01-01 00:00:00', freq='AS-JAN'): -425107360.5335084, Timestamp('2017-01-01 00:00:00', freq='AS-JAN'): 1674918.1445695579}","{Timestamp('2016-01-01 00:00:00', freq='AS-JAN'): 26680.5823875278, Timestamp('2017-01-01 00:00:00', freq='AS-JAN'): 872636.2964163232}",GB,"{'learning_rate': 0.5, 'max_depth': 5, 'n_estimators': 1000, 'random_state': 1234, 'subsample': 0.1}",2016-07-01
38,"['isr_neto_(mdp)_r', 'iva_neto_(mdp)_r', 'ing_trib_sin_gasol_neto_(mdp)_r', 'ieps_sin_gas_neto_(mdp)_r', 'importaciones_neto_(mdp)_r']",None,"{Timestamp('2016-01-01 00:00:00', freq='AS-JAN'): 14238.550502013124, Timestamp('2017-01-01 00:00:00', freq='AS-JAN'): -70521.89373379786}","{Timestamp('2016-01-01 00:00:00', freq='AS-JAN'): 15294.769406674794, Timestamp('2017-01-01 00:00:00', freq='AS-JAN'): 28517.558540287042}","{Timestamp('2016-01-01 00:00:00', freq='AS-JAN'): -61511.584389964584, Timestamp('2017-01-01 00:00:00', freq='AS-JAN'): -81666988.07995148}","{Timestamp('2016-01-01 00:00:00', freq='AS-JAN'): -1210066.4470918947, Timestamp('2017-01-01 00:00:00', freq='AS-JAN'): -38417874.6889012}","{Timestamp('2016-01-01 00:00:00', freq='AS-JAN'): 34449.55998685048, Timestamp('2017-01-01 00:00:00', freq='AS-JAN'): -666219.4472187127}",GB,"{'learning_rate': 0.5, 'max_depth': 5, 'n_estimators': 1000, 'random_state': 1234, 'subsample': 0.5}",2016-07-01
39,"['isr_neto_(mdp)_r', 'iva_neto_(mdp)_r', 'ing_trib_sin_gasol_neto_(mdp)_r', 'ieps_sin_gas_neto_(mdp)_r', 'importaciones_neto_(mdp)_r']",None,"{Timestamp('2016-01-01 00:00:00', freq='AS-JAN'): 34967.48359931559, Timestamp('2017-01-01 00:00:00', freq='AS-JAN'): 74135.15272401416}","{Timestamp('2016-01-01 00:00:00', freq='AS-JAN'): -554.66048401648, Timestamp('2017-01-01 00:00:00', freq='AS-JAN'): 9884.845243892225}","{Timestamp('2016-01-01 00:00:00', freq='AS-JAN'): 79250.10050788941, Timestamp('2017-01-01 00:00:00', freq='AS-JAN'): 251495.23563385382}","{Timestamp('2016-01-01 00:00:00', freq='AS-JAN'): 62390.27335668402, Timestamp('2017-01-01 00:00:00', freq='AS-JAN'): 674197.6902122142}","{Timestamp('2016-01-01 00:00:00', freq='AS-JAN'): 150754.68827642675, Timestamp('2017-01-01 00:00:00', freq='AS-JAN'): 432932.8498312056}",GB,"{'learning_rate': 0.5, 'max_depth': 5, 'n_estimators': 1000, 'random_state': 1234, 'subsample': 1.0}",2016-07-01
40,"['isr_neto_(mdp)_r', 'iva_neto_(mdp)_r', 'ing_trib_sin_gasol_neto_(mdp)_r', 'ieps_sin_gas_neto_(mdp)_r', 'importaciones_neto_(mdp)_r']",None,"{Timestamp('2016-01-01 00:00:00', freq='AS-JAN'): 42689.90560829104, Timestamp('2017-01-01 00:00:00', freq='AS-JAN'): 155970.1242562304}","{Timestamp('2016-01-01 00:00:00', freq='AS-JAN'): 1838.8388405162623, Timestamp('2017-01-01 00:00:00', freq='AS-JAN'): -370443.4765329567}","{Timestamp('2016-01-01 00:00:00', freq='AS-JAN'): -780585.2266117521, Timestamp('2017-01-01 00:00:00', freq='AS-JAN'): -7072752.034729801}","{Timestamp('2016-01-01 00:00:00', freq='AS-JAN'): 136823.63794733398, Timestamp('2017-01-01 00:00:00', freq='AS-JAN'): -188060.34294584696}","{Timestamp('2016-01-01 00:00:00', freq='AS-JAN'): 36808.97748256812, Timestamp('2017-01-01 00:00:00', freq='AS-JAN'): -162790.8565117265}",GB,"{'learning_rate': 0.5, 'max_depth': 10, 'n_estimators': 100, 'random_state': 1234, 'subsample': 0.5}",2016-07-01
41,"['isr_neto_(mdp)_r', 'iva_neto_(mdp)_r', 'ing_trib_sin_gasol_neto_(mdp)_r', 'ieps_sin_gas_neto_(mdp)_r', 'importaciones_neto_(mdp)_r']",None,"{Timestamp('2016-01-01 00:00:00', freq='AS-JAN'): 33931.49511593171, Timestamp('2017-01-01 00:00:00', freq='AS-JAN'): 101245.69032229605}","{Timestamp('2016-01-01 00:00:00', freq='AS-JAN'): 6539.203858232315, Timestamp('2017-01-01 00:00:00', freq='AS-JAN'): 14798.800356944157}","{Timestamp('2016-01-01 00:00:00', freq='AS-JAN'): -82480.12510502897, Timestamp('2017-01-01 00:00:00', freq='AS-JAN'): -769247.7432245212}","{Timestamp('2016-01-01 00:00:00', freq='AS-JAN'): -188688.35521497577, Timestamp('2017-01-01 00:00:00', freq='AS-JAN'): -545377.6019788634}","{Timestamp('2016-01-01 00:00:00', freq='AS-JAN'): 101190.50771645154, Timestamp('2017-01-01 00:00:00', freq='AS-JAN'): 214565.67553188547}",GB,"{'learning_rate': 0.5, 'max_depth': 10, 'n_estimators': 100, 'random_state': 1234, 'subsample': 1.0}",2016-07-01
42,"['isr_neto_(mdp)_r', 'iva_neto_(mdp)_r', 'ing_trib_sin_gasol_neto_(mdp)_r', 'ieps_sin_gas_neto_(mdp)_r', 'importaciones_neto_(mdp)_r']",None,"{Timestamp('2016-01-01 00:00:00', freq='AS-JAN'): 42649.837662546095, Timestamp('2017-01-01 00:00:00', freq='AS-JAN'): 156011.38971688878}","{Timestamp('2016-01-01 00:00:00', freq='AS-JAN'): 1830.7821771465024, Timestamp('2017-01-01 00:00:00', freq='AS-JAN'): -377397.90665851725}","{Timestamp('2016-01-01 00:00:00', freq='AS-JAN'): -763814.044518928, Timestamp('2017-01-01 00:00:00', freq='AS-JAN'): -6778790.816922693}","{Timestamp('2016-01-01 00:00:00', freq='AS-JAN'): 134886.83474904462, Timestamp('2017-01-01 00:00:00', freq='AS-JAN'): -152788.52146301023}","{Timestamp('2016-01-01 00:00:00', freq='AS-JAN'): 36186.99528116349, Timestamp('2017-01-01 00:00:00', freq='AS-JAN'): -128145.07688767451}",GB,"{'learning_rate': 0.5, 'max_depth': 10, 'n_estimators': 1000, 'random_state': 1234, 'subsample': 0.5}",2016-07-01
43,"['isr_neto_(mdp)_r', 'iva_neto_(mdp)_r', 'ing_trib_sin_gasol_neto_(mdp)_r', 'ieps_sin_gas_neto_(mdp)_r', 'importaciones_neto_(mdp)_r']",None,"{Timestamp('2016-01-01 00:00:00', freq='AS-JAN'): 33931.49511593171, Timestamp('2017-01-01 00:00:00', freq='AS-JAN'): 101245.69032229605}","{Timestamp('2016-01-01 00:00:00', freq='AS-JAN'): 6539.203858232315, Timestamp('2017-01-01 00:00:00', freq='AS-JAN'): 14798.800356944157}","{Timestamp('2016-01-01 00:00:00', freq='AS-JAN'): -82480.12510502897, Timestamp('2017-01-01 00:00:00', freq='AS-JAN'): -769247.7432245212}","{Timestamp('2016-01-01 00:00:00', freq='AS-JAN'): -188688.35521497577, Timestamp('2017-01-01 00:00:00', freq='AS-JAN'): -545377.6019788634}","{Timestamp('2016-01-01 00:00:00', freq='AS-JAN'): 101190.50771645154, Timestamp('2017-01-01 00:00:00', freq='AS-JAN'): 214565.67553188547}",GB,"{'learning_rate': 0.5, 'max_depth': 10, 'n_estimators': 1000, 'random_state': 1234, 'subsample': 1.0}",2016-07-01
44,"['isr_neto_(mdp)_r', 'iva_neto_(mdp)_r', 'ing_trib_sin_gasol_neto_(mdp)_r', 'ieps_sin_gas_neto_(mdp)_r', 'importaciones_neto_(mdp)_r']",None,"{Timestamp('2017-01-01 00:00:00', freq='AS-JAN'): 22576.005691753875, Timestamp('2018-01-01 00:00:00', freq='AS-JAN'): 104763.22159912498}","{Timestamp('2017-01-01 00:00:00', freq='AS-JAN'): -1264.0318199516696, Timestamp('2018-01-01 00:00:00', freq='AS-JAN'): 40591.35214263917}","{Timestamp('2017-01-01 00:00:00', freq='AS-JAN'): -370379.8810697668, Timestamp('2018-01-01 00:00:00', freq='AS-JAN'): 1160461.9077710963}","{Timestamp('2017-01-01 00:00:00', freq='AS-JAN'): -201274.7088914304, Timestamp('2018-01-01 00:00:00', freq='AS-JAN'): 650082.3722334772}","{Timestamp('2017-01-01 00:00:00', freq='AS-JAN'): -55620.77595915494, Timestamp('2018-01-01 00:00:00', freq='AS-JAN'): 515648.2443956195}",GB,"{'learning_rate': 0.1, 'max_depth': 5, 'n_estimators': 100, 'random_state': 1234, 'subsample': 0.1}",2017-07-01
45,"['isr_neto_(mdp)_r', 'iva_neto_(mdp)_r', 'ing_trib_sin_gasol_neto_(mdp)_r', 'ieps_sin_gas_neto_(mdp)_r', 'importaciones_neto_(mdp)_r']",None,"{Timestamp('2017-01-01 00:00:00', freq='AS-JAN'): 32329.286208828882, Timestamp('2018-01-01 00:00:00', freq='AS-JAN'): 81401.99575099864}","{Timestamp('2017-01-01 00:00:00', freq='AS-JAN'): 408.35852816725674, Timestamp('2018-01-01 00:00:00', freq='AS-JAN'): 1351.2327909866144}","{Timestamp('2017-01-01 00:00:00', freq='AS-JAN'): -184576.42683518585, Timestamp('2018-01-01 00:00:00', freq='AS-JAN'): -216110.5745513034}","{Timestamp('2017-01-01 00:00:00', freq='AS-JAN'): -70760.46097510518, Timestamp('2018-01-01 00:00:00', freq='AS-JAN'): 116678.28253188124}","{Timestamp('2017-01-01 00:00:00', freq='AS-JAN'): -22870.75368670246, Timestamp('2018-01-01 00:00:00', freq='AS-JAN'): 171481.9152653832}",GB,"{'learning_rate': 0.1, 'max_depth': 5, 'n_estimators': 100, 'random_state': 1234, 'subsample': 0.5}",2017-07-01
46,"['isr_neto_(mdp)_r', 'iva_neto_(mdp)_r', 'ing_trib_sin_gasol_neto_(mdp)_r', 'ieps_sin_gas_neto_(mdp)_r', 'importaciones_neto_(mdp)_r']",None,"{Timestamp('2017-01-01 00:00:00', freq='AS-JAN'): 32844.215006590486, Timestamp('2018-01-01 00:00:00', freq='AS-JAN'): 72379.6280643479}","{Timestamp('2017-01-01 00:00:00', freq='AS-JAN'): 1058.8476478082302, Timestamp('2018-01-01 00:00:00', freq='AS-JAN'): 6717.492773733255}","{Timestamp('2017-01-01 00:00:00', freq='AS-JAN'): -101913.7464586068, Timestamp('2018-01-01 00:00:00', freq='AS-JAN'): -324455.9538857057}","{Timestamp('2017-01-01 00:00:00', freq='AS-JAN'): 5459.767438623123, Timestamp('2018-01-01 00:00:00', freq='AS-JAN'): 54354.60360984318}","{Timestamp('2017-01-01 00:00:00', freq='AS-JAN'): -43419.372387968935, Timestamp('2018-01-01 00:00:00', freq='AS-JAN'): -5011.673085681279}",GB,"{'learning_rate': 0.1, 'max_depth': 5, 'n_estimators': 100, 'random_state': 1234, 'subsample': 1.0}",2017-07-01
47,"['isr_neto_(mdp)_r', 'iva_neto_(mdp)_r', 'ing_trib_sin_gasol_neto_(mdp)_r', 'ieps_sin_gas_neto_(mdp)_r', 'importaciones_neto_(mdp)_r']",None,"{Timestamp('2017-01-01 00:00:00', freq='AS-JAN'): 42909.719052627945, Timestamp('2018-01-01 00:00:00', freq='AS-JAN'): 125233.22423626843}","{Timestamp('2017-01-01 00:00:00', freq='AS-JAN'): 15557.949156345669, Timestamp('2018-01-01 00:00:00', freq='AS-JAN'): 66929.94206767954}","{Timestamp('2017-01-01 00:00:00', freq='AS-JAN'): 247928.0722073922, Timestamp('2018-01-01 00:00:00', freq='AS-JAN'): -7882376.948428345}","{Timestamp('2017-01-01 00:00:00', freq='AS-JAN'): 329695.827443809, Timestamp('2018-01-01 00:00:00', freq='AS-JAN'): 1434163.8117065139}","{Timestamp('2017-01-01 00:00:00', freq='AS-JAN'): 186543.0903288651, Timestamp('2018-01-01 00:00:00', freq='AS-JAN'): 828308.8800217574}",GB,"{'learning_rate': 0.1, 'max_depth': 5, 'n_estimators': 1000, 'random_state': 1234, 'subsample': 0.1}",2017-07-01
48,"['isr_neto_(mdp)_r', 'iva_neto_(mdp)_r', 'ing_trib_sin_gasol_neto_(mdp)_r', 'ieps_sin_gas_neto_(mdp)_r', 'importaciones_neto_(mdp)_r']",None,"{Timestamp('2017-01-01 00:00:00', freq='AS-JAN'): 34323.743677719554, Timestamp('2018-01-01 00:00:00', freq='AS-JAN'): 85640.65723251375}","{Timestamp('2017-01-01 00:00:00', freq='AS-JAN'): -921.6006694515308, Timestamp('2018-01-01 00:00:00', freq='AS-JAN'): 5376.3423096612605}","{Timestamp('2017-01-01 00:00:00', freq='AS-JAN'): -149764.5493093799, Timestamp('2018-01-01 00:00:00', freq='AS-JAN'): -210429.239745548}","{Timestamp('2017-01-01 00:00:00', freq='AS-JAN'): -166314.26913269586, Timestamp('2018-01-01 00:00:00', freq='AS-JAN'): -42328.99113322981}","{Timestamp('2017-01-01 00:00:00', freq='AS-JAN'): -38170.826380560524, Timestamp('2018-01-01 00:00:00', freq='AS-JAN'): 31183.540890414617}",GB,"{'learning_rate': 0.1, 'max_depth': 5, 'n_estimators': 1000, 'random_state': 1234, 'subsample': 0.5}",2017-07-01
49,"['isr_neto_(mdp)_r', 'iva_neto_(mdp)_r', 'ing_trib_sin_gasol_neto_(mdp)_r', 'ieps_sin_gas_neto_(mdp)_r', 'importaciones_neto_(mdp)_r']",None,"{Timestamp('2017-01-01 00:00:00', freq='AS-JAN'): 32990.81066365032, Timestamp('2018-01-01 00:00:00', freq='AS-JAN'): 69460.37759591642}","{Timestamp('2017-01-01 00:00:00', freq='AS-JAN'): 692.923013340027, Timestamp('2018-01-01 00:00:00', freq='AS-JAN'): 6029.667447295404}","{Timestamp('2017-01-01 00:00:00', freq='AS-JAN'): -59698.88390710065, Timestamp('2018-01-01 00:00:00', freq='AS-JAN'): -258774.27927888604}","{Timestamp('2017-01-01 00:00:00', freq='AS-JAN'): 13217.09142157319, Timestamp('2018-01-01 00:00:00', freq='AS-JAN'): -66864.32629871997}","{Timestamp('2017-01-01 00:00:00', freq='AS-JAN'): -24700.532964540762, Timestamp('2018-01-01 00:00:00', freq='AS-JAN'): 80777.5999129992}",GB,"{'learning_rate': 0.1, 'max_depth': 5, 'n_estimators': 1000, 'random_state': 1234, 'subsample': 1.0}",2017-07-01
50,"['isr_neto_(mdp)_r', 'iva_neto_(mdp)_r', 'ing_trib_sin_gasol_neto_(mdp)_r', 'ieps_sin_gas_neto_(mdp)_r', 'importaciones_neto_(mdp)_r']",None,"{Timestamp('2017-01-01 00:00:00', freq='AS-JAN'): 23768.7095426851, Timestamp('2018-01-01 00:00:00', freq='AS-JAN'): -41278.05157351802}","{Timestamp('2017-01-01 00:00:00', freq='AS-JAN'): 1703.0856899851497, Timestamp('2018-01-01 00:00:00', freq='AS-JAN'): 12045.915185652899}","{Timestamp('2017-01-01 00:00:00', freq='AS-JAN'): -497561.8902201466, Timestamp('2018-01-01 00:00:00', freq='AS-JAN'): -2092419.8421172649}","{Timestamp('2017-01-01 00:00:00', freq='AS-JAN'): -326916.040065818, Timestamp('2018-01-01 00:00:00', freq='AS-JAN'): -1127279.1922730082}","{Timestamp('2017-01-01 00:00:00', freq='AS-JAN'): -289218.7844689621, Timestamp('2018-01-01 00:00:00', freq='AS-JAN'): -2469798.0178086795}",GB,"{'learning_rate': 0.1, 'max_depth': 10, 'n_estimators': 100, 'random_state': 1234, 'subsample': 0.1}",2017-07-01
51,"['isr_neto_(mdp)_r', 'iva_neto_(mdp)_r', 'ing_trib_sin_gasol_neto_(mdp)_r', 'ieps_sin_gas_neto_(mdp)_r', 'importaciones_neto_(mdp)_r']",None,"{Timestamp('2017-01-01 00:00:00', freq='AS-JAN'): 31921.41562621796, Timestamp('2018-01-01 00:00:00', freq='AS-JAN'): 69252.10546609771}","{Timestamp('2017-01-01 00:00:00', freq='AS-JAN'): 1347.3679798264639, Timestamp('2018-01-01 00:00:00', freq='AS-JAN'): 16114.006859394081}","{Timestamp('2017-01-01 00:00:00', freq='AS-JAN'): -209411.07779715583, Timestamp('2018-01-01 00:00:00', freq='AS-JAN'): -473385.0780149228}","{Timestamp('2017-01-01 00:00:00', freq='AS-JAN'): -14626.100360004231, Timestamp('2018-01-01 00:00:00', freq='AS-JAN'): -23164.70647675125}","{Timestamp('2017-01-01 00:00:00', freq='AS-JAN'): -83087.6568663083, Timestamp('2018-01-01 00:00:00', freq='AS-JAN'): 127350.13530235691}",GB,"{'learning_rate': 0.1, 'max_depth': 10, 'n_estimators': 100, 'random_state': 1234, 'subsample': 0.5}",2017-07-01
52,"['isr_neto_(mdp)_r', 'iva_neto_(mdp)_r', 'ing_trib_sin_gasol_neto_(mdp)_r', 'ieps_sin_gas_neto_(mdp)_r', 'importaciones_neto_(mdp)_r']",None,"{Timestamp('2017-01-01 00:00:00', freq='AS-JAN'): 34475.93100074626, Timestamp('2018-01-01 00:00:00', freq='AS-JAN'): 86335.45463857403}","{Timestamp('2017-01-01 00:00:00', freq='AS-JAN'): 4798.922734424748, Timestamp('2018-01-01 00:00:00', freq='AS-JAN'): 21148.97345191553}","{Timestamp('2017-01-01 00:00:00', freq='AS-JAN'): -102456.20218167966, Timestamp('2018-01-01 00:00:00', freq='AS-JAN'): 202490.93366832426}","{Timestamp('2017-01-01 00:00:00', freq='AS-JAN'): -53296.26945528854, Timestamp('2018-01-01 00:00:00', freq='AS-JAN'): 194203.65543643804}","{Timestamp('2017-01-01 00:00:00', freq='AS-JAN'): -16226.544364772737, Timestamp('2018-01-01 00:00:00', freq='AS-JAN'): 189407.59416875406}",GB,"{'learning_rate': 0.1, 'max_depth': 10, 'n_estimators': 100, 'random_state': 1234, 'subsample': 1.0}",2017-07-01
53,"['isr_neto_(mdp)_r', 'iva_neto_(mdp)_r', 'ing_trib_sin_gasol_neto_(mdp)_r', 'ieps_sin_gas_neto_(mdp)_r', 'importaciones_neto_(mdp)_r']",None,"{Timestamp('2017-01-01 00:00:00', freq='AS-JAN'): 39697.30859304537, Timestamp('2018-01-01 00:00:00', freq='AS-JAN'): -1748511.4323002899}","{Timestamp('2017-01-01 00:00:00', freq='AS-JAN'): 15750.450960280694, Timestamp('2018-01-01 00:00:00', freq='AS-JAN'): 9881.740570894093}","{Timestamp('2017-01-01 00:00:00', freq='AS-JAN'): 476559.39768899465, Timestamp('2018-01-01 00:00:00', freq='AS-JAN'): -14788678.050434116}","{Timestamp('2017-01-01 00:00:00', freq='AS-JAN'): -71907.71485097567, Timestamp('2018-01-01 00:00:00', freq='AS-JAN'): -6400378.266212389}","{Timestamp('2017-01-01 00:00:00', freq='AS-JAN'): -32707.787212661933, Timestamp('2018-01-01 00:00:00', freq='AS-JAN'): -2186115.1616922216}",GB,"{'learning_rate': 0.1, 'max_depth': 10, 'n_estimators': 1000, 'random_state': 1234, 'subsample': 0.1}",2017-07-01
54,"['isr_neto_(mdp)_r', 'iva_neto_(mdp)_r', 'ing_trib_sin_gasol_neto_(mdp)_r', 'ieps_sin_gas_neto_(mdp)_r', 'importaciones_neto_(mdp)_r']",None,"{Timestamp('2017-01-01 00:00:00', freq='AS-JAN'): 33438.379395895, Timestamp('2018-01-01 00:00:00', freq='AS-JAN'): 68047.62422983826}","{Timestamp('2017-01-01 00:00:00', freq='AS-JAN'): 2916.104449054612, Timestamp('2018-01-01 00:00:00', freq='AS-JAN'): 18720.9583537183}","{Timestamp('2017-01-01 00:00:00', freq='AS-JAN'): -160635.03218478244, Timestamp('2018-01-01 00:00:00', freq='AS-JAN'): -584285.5201885048}","{Timestamp('2017-01-01 00:00:00', freq='AS-JAN'): 47305.684516337, Timestamp('2018-01-01 00:00:00', freq='AS-JAN'): 160452.42583517474}","{Timestamp('2017-01-01 00:00:00', freq='AS-JAN'): -67961.87504155631, Timestamp('2018-01-01 00:00:00', freq='AS-JAN'): 259801.62769915338}",GB,"{'learning_rate': 0.1, 'max_depth': 10, 'n_estimators': 1000, 'random_state': 1234, 'subsample': 0.5}",2017-07-01
55,"['isr_neto_(mdp)_r', 'iva_neto_(mdp)_r', 'ing_trib_sin_gasol_neto_(mdp)_r', 'ieps_sin_gas_neto_(mdp)_r', 'importaciones_neto_(mdp)_r']",None,"{Timestamp('2017-01-01 00:00:00', freq='AS-JAN'): 34488.70985761496, Timestamp('2018-01-01 00:00:00', freq='AS-JAN'): 86519.9060662871}","{Timestamp('2017-01-01 00:00:00', freq='AS-JAN'): 4788.997461240731, Timestamp('2018-01-01 00:00:00', freq='AS-JAN'): 21406.112272050494}","{Timestamp('2017-01-01 00:00:00', freq='AS-JAN'): -102373.17318612384, Timestamp('2018-01-01 00:00:00', freq='AS-JAN'): 203640.68381815823}","{Timestamp('2017-01-01 00:00:00', freq='AS-JAN'): -52695.7250614122, Timestamp('2018-01-01 00:00:00', freq='AS-JAN'): 198194.28205889044}","{Timestamp('2017-01-01 00:00:00', freq='AS-JAN'): -16270.945115693961, Timestamp('2018-01-01 00:00:00', freq='AS-JAN'): 189680.69187756162}",GB,"{'learning_rate': 0.1, 'max_depth': 10, 'n_estimators': 1000, 'random_state': 1234, 'subsample': 1.0}",2017-07-01
56,"['isr_neto_(mdp)_r', 'iva_neto_(mdp)_r', 'ing_trib_sin_gasol_neto_(mdp)_r', 'ieps_sin_gas_neto_(mdp)_r', 'importaciones_neto_(mdp)_r']",None,"{Timestamp('2017-01-01 00:00:00', freq='AS-JAN'): 67907.99244807799, Timestamp('2018-01-01 00:00:00', freq='AS-JAN'): 164831.43410332772}","{Timestamp('2017-01-01 00:00:00', freq='AS-JAN'): 25756.50187342459, Timestamp('2018-01-01 00:00:00', freq='AS-JAN'): 67465.71576118046}","{Timestamp('2017-01-01 00:00:00', freq='AS-JAN'): 1219522.2850791593, Timestamp('2018-01-01 00:00:00', freq='AS-JAN'): 2964761.575256866}","{Timestamp('2017-01-01 00:00:00', freq='AS-JAN'): 676195.428280478, Timestamp('2018-01-01 00:00:00', freq='AS-JAN'): 1716680.2003234338}","{Timestamp('2017-01-01 00:00:00', freq='AS-JAN'): 395681.3104896002, Timestamp('2018-01-01 00:00:00', freq='AS-JAN'): 951394.7154006237}",GB,"{'learning_rate': 0.5, 'max_depth': 5, 'n_estimators': 100, 'random_state': 1234, 'subsample': 0.1}",2017-07-01
57,"['isr_neto_(mdp)_r', 'iva_neto_(mdp)_r', 'ing_trib_sin_gasol_neto_(mdp)_r', 'ieps_sin_gas_neto_(mdp)_r', 'importaciones_neto_(mdp)_r']",None,"{Timestamp('2017-01-01 00:00:00', freq='AS-JAN'): 54427.87867113415, Timestamp('2018-01-01 00:00:00', freq='AS-JAN'): 156328.46863727475}","{Timestamp('2017-01-01 00:00:00', freq='AS-JAN'): -547830.6500637741, Timestamp('2018-01-01 00:00:00', freq='AS-JAN'): -1.6116079756542034e+18}","{Timestamp('2017-01-01 00:00:00', freq='AS-JAN'): -26669317.797965128, Timestamp('2018-01-01 00:00:00', freq='AS-JAN'): -6.111716290971315e+19}","{Timestamp('2017-01-01 00:00:00', freq='AS-JAN'): -1991402.2323746535, Timestamp('2018-01-01 00:00:00', freq='AS-JAN'): -6393958350927990.0}","{Timestamp('2017-01-01 00:00:00', freq='AS-JAN'): -991291.0098327338, Timestamp('2018-01-01 00:00:00', freq='AS-JAN'): -332075035821738.2}",GB,"{'learning_rate': 0.5, 'max_depth': 5, 'n_estimators': 100, 'random_state': 1234, 'subsample': 0.5}",2017-07-01
58,"['isr_neto_(mdp)_r', 'iva_neto_(mdp)_r', 'ing_trib_sin_gasol_neto_(mdp)_r', 'ieps_sin_gas_neto_(mdp)_r', 'importaciones_neto_(mdp)_r']",None,"{Timestamp('2017-01-01 00:00:00', freq='AS-JAN'): 32992.80555346007, Timestamp('2018-01-01 00:00:00', freq='AS-JAN'): 93721.89524630336}","{Timestamp('2017-01-01 00:00:00', freq='AS-JAN'): -2353.1480256665236, Timestamp('2018-01-01 00:00:00', freq='AS-JAN'): 8432.79055704514}","{Timestamp('2017-01-01 00:00:00', freq='AS-JAN'): -118373.5994815086, Timestamp('2018-01-01 00:00:00', freq='AS-JAN'): -43457.83016179083}","{Timestamp('2017-01-01 00:00:00', freq='AS-JAN'): -4069.6940611589234, Timestamp('2018-01-01 00:00:00', freq='AS-JAN'): 672886.0263895526}","{Timestamp('2017-01-01 00:00:00', freq='AS-JAN'): -76650.19787115662, Timestamp('2018-01-01 00:00:00', freq='AS-JAN'): -232160.42950119753}",GB,"{'learning_rate': 0.5, 'max_depth': 5, 'n_estimators': 100, 'random_state': 1234, 'subsample': 1.0}",2017-07-01
59,"['isr_neto_(mdp)_r', 'iva_neto_(mdp)_r', 'ing_trib_sin_gasol_neto_(mdp)_r', 'ieps_sin_gas_neto_(mdp)_r', 'importaciones_neto_(mdp)_r']",None,"{Timestamp('2017-01-01 00:00:00', freq='AS-JAN'): -97158.50955131848, Timestamp('2018-01-01 00:00:00', freq='AS-JAN'): 152528.6584457508}","{Timestamp('2017-01-01 00:00:00', freq='AS-JAN'): -42801.449697560056, Timestamp('2018-01-01 00:00:00', freq='AS-JAN'): -1.9391724056018703e+18}","{Timestamp('2017-01-01 00:00:00', freq='AS-JAN'): -2090162.945496093, Timestamp('2018-01-01 00:00:00', freq='AS-JAN'): -1.044682946135208e+19}","{Timestamp('2017-01-01 00:00:00', freq='AS-JAN'): -781261.9158230966, Timestamp('2018-01-01 00:00:00', freq='AS-JAN'): -6714085863516168.0}","{Timestamp('2017-01-01 00:00:00', freq='AS-JAN'): -53205.80525319511, Timestamp('2018-01-01 00:00:00', freq='AS-JAN'): -419060194628086.9}",GB,"{'learning_rate': 0.5, 'max_depth': 5, 'n_estimators': 1000, 'random_state': 1234, 'subsample': 0.5}",2017-07-01
60,"['isr_neto_(mdp)_r', 'iva_neto_(mdp)_r', 'ing_trib_sin_gasol_neto_(mdp)_r', 'ieps_sin_gas_neto_(mdp)_r', 'importaciones_neto_(mdp)_r']",None,"{Timestamp('2017-01-01 00:00:00', freq='AS-JAN'): 32865.357144901034, Timestamp('2018-01-01 00:00:00', freq='AS-JAN'): 93466.42244090412}","{Timestamp('2017-01-01 00:00:00', freq='AS-JAN'): -2674.0831823538974, Timestamp('2018-01-01 00:00:00', freq='AS-JAN'): 5318.380328135121}","{Timestamp('2017-01-01 00:00:00', freq='AS-JAN'): -127945.0875043734, Timestamp('2018-01-01 00:00:00', freq='AS-JAN'): -170148.22491933592}","{Timestamp('2017-01-01 00:00:00', freq='AS-JAN'): -7612.653259102721, Timestamp('2018-01-01 00:00:00', freq='AS-JAN'): 609520.3615352444}","{Timestamp('2017-01-01 00:00:00', freq='AS-JAN'): -78531.71876582736, Timestamp('2018-01-01 00:00:00', freq='AS-JAN'): -199869.3202081332}",GB,"{'learning_rate': 0.5, 'max_depth': 5, 'n_estimators': 1000, 'random_state': 1234, 'subsample': 1.0}",2017-07-01
61,"['isr_neto_(mdp)_r', 'iva_neto_(mdp)_r', 'ing_trib_sin_gasol_neto_(mdp)_r', 'ieps_sin_gas_neto_(mdp)_r', 'importaciones_neto_(mdp)_r']",None,"{Timestamp('2017-01-01 00:00:00', freq='AS-JAN'): 62496.037534319126, Timestamp('2018-01-01 00:00:00', freq='AS-JAN'): 164831.43410558676}","{Timestamp('2017-01-01 00:00:00', freq='AS-JAN'): 17119.285226527187, Timestamp('2018-01-01 00:00:00', freq='AS-JAN'): 67465.71574237745}","{Timestamp('2017-01-01 00:00:00', freq='AS-JAN'): 341024.7705500298, Timestamp('2018-01-01 00:00:00', freq='AS-JAN'): 2964761.5752484095}","{Timestamp('2017-01-01 00:00:00', freq='AS-JAN'): 329953.94832654414, Timestamp('2018-01-01 00:00:00', freq='AS-JAN'): 1716680.2003234087}","{Timestamp('2017-01-01 00:00:00', freq='AS-JAN'): 111848.3563022759, Timestamp('2018-01-01 00:00:00', freq='AS-JAN'): 951394.7154006267}",GB,"{'learning_rate': 0.5, 'max_depth': 10, 'n_estimators': 100, 'random_state': 1234, 'subsample': 0.1}",2017-07-01
62,"['isr_neto_(mdp)_r', 'iva_neto_(mdp)_r', 'ing_trib_sin_gasol_neto_(mdp)_r', 'ieps_sin_gas_neto_(mdp)_r', 'importaciones_neto_(mdp)_r']",None,"{Timestamp('2017-01-01 00:00:00', freq='AS-JAN'): 34240.8397284262, Timestamp('2018-01-01 00:00:00', freq='AS-JAN'): 71369.83276861274}","{Timestamp('2017-01-01 00:00:00', freq='AS-JAN'): 813.0213168043992, Timestamp('2018-01-01 00:00:00', freq='AS-JAN'): 32361.1202362673}","{Timestamp('2017-01-01 00:00:00', freq='AS-JAN'): 71789.8425795245, Timestamp('2018-01-01 00:00:00', freq='AS-JAN'): 1562883.016688495}","{Timestamp('2017-01-01 00:00:00', freq='AS-JAN'): 320671.51298740576, Timestamp('2018-01-01 00:00:00', freq='AS-JAN'): 1366650.3267292525}","{Timestamp('2017-01-01 00:00:00', freq='AS-JAN'): -75909.30013344088, Timestamp('2018-01-01 00:00:00', freq='AS-JAN'): 143837.75107970263}",GB,"{'learning_rate': 0.5, 'max_depth': 10, 'n_estimators': 100, 'random_state': 1234, 'subsample': 0.5}",2017-07-01
63,"['isr_neto_(mdp)_r', 'iva_neto_(mdp)_r', 'ing_trib_sin_gasol_neto_(mdp)_r', 'ieps_sin_gas_neto_(mdp)_r', 'importaciones_neto_(mdp)_r']",None,"{Timestamp('2017-01-01 00:00:00', freq='AS-JAN'): 36069.17549062948, Timestamp('2018-01-01 00:00:00', freq='AS-JAN'): 88836.99561112023}","{Timestamp('2017-01-01 00:00:00', freq='AS-JAN'): 598.6746502133392, Timestamp('2018-01-01 00:00:00', freq='AS-JAN'): 19362.748859668034}","{Timestamp('2017-01-01 00:00:00', freq='AS-JAN'): -82370.46099460032, Timestamp('2018-01-01 00:00:00', freq='AS-JAN'): -278387.42599996366}","{Timestamp('2017-01-01 00:00:00', freq='AS-JAN'): -87357.12748958915, Timestamp('2018-01-01 00:00:00', freq='AS-JAN'): 196326.9380480128}","{Timestamp('2017-01-01 00:00:00', freq='AS-JAN'): -67594.13690689369, Timestamp('2018-01-01 00:00:00', freq='AS-JAN'): 41834.04516871751}",GB,"{'learning_rate': 0.5, 'max_depth': 10, 'n_estimators': 100, 'random_state': 1234, 'subsample': 1.0}",2017-07-01
64,"['isr_neto_(mdp)_r', 'iva_neto_(mdp)_r', 'ing_trib_sin_gasol_neto_(mdp)_r', 'ieps_sin_gas_neto_(mdp)_r', 'importaciones_neto_(mdp)_r']",None,"{Timestamp('2017-01-01 00:00:00', freq='AS-JAN'): 34511.61425902556, Timestamp('2018-01-01 00:00:00', freq='AS-JAN'): 71117.00437932319}","{Timestamp('2017-01-01 00:00:00', freq='AS-JAN'): 903.2597835828565, Timestamp('2018-01-01 00:00:00', freq='AS-JAN'): 31194.010518374344}","{Timestamp('2017-01-01 00:00:00', freq='AS-JAN'): 57345.36259884667, Timestamp('2018-01-01 00:00:00', freq='AS-JAN'): 1513354.6528578375}","{Timestamp('2017-01-01 00:00:00', freq='AS-JAN'): 319695.84002446546, Timestamp('2018-01-01 00:00:00', freq='AS-JAN'): 1377533.2793493413}","{Timestamp('2017-01-01 00:00:00', freq='AS-JAN'): -81946.4978145248, Timestamp('2018-01-01 00:00:00', freq='AS-JAN'): 144893.5879856242}",GB,"{'learning_rate': 0.5, 'max_depth': 10, 'n_estimators': 1000, 'random_state': 1234, 'subsample': 0.5}",2017-07-01
65,"['isr_neto_(mdp)_r', 'iva_neto_(mdp)_r', 'ing_trib_sin_gasol_neto_(mdp)_r', 'ieps_sin_gas_neto_(mdp)_r', 'importaciones_neto_(mdp)_r']",None,"{Timestamp('2017-01-01 00:00:00', freq='AS-JAN'): 36069.17549062948, Timestamp('2018-01-01 00:00:00', freq='AS-JAN'): 88836.99561112023}","{Timestamp('2017-01-01 00:00:00', freq='AS-JAN'): 598.6746502133392, Timestamp('2018-01-01 00:00:00', freq='AS-JAN'): 19362.748859668034}","{Timestamp('2017-01-01 00:00:00', freq='AS-JAN'): -82370.46099460032, Timestamp('2018-01-01 00:00:00', freq='AS-JAN'): -278387.42599996366}","{Timestamp('2017-01-01 00:00:00', freq='AS-JAN'): -87357.12748958915, Timestamp('2018-01-01 00:00:00', freq='AS-JAN'): 196326.9380480128}","{Timestamp('2017-01-01 00:00:00', freq='AS-JAN'): -67594.13690689369, Timestamp('2018-01-01 00:00:00', freq='AS-JAN'): 41834.04516871751}",GB,"{'learning_rate': 0.5, 'max_depth': 10, 'n_estimators': 1000, 'random_state': 1234, 'subsample': 1.0}",2017-07-01
66,"['isr_neto_(mdp)_r', 'iva_neto_(mdp)_r', 'ing_trib_sin_gasol_neto_(mdp)_r', 'ieps_sin_gas_neto_(mdp)_r', 'importaciones_neto_(mdp)_r']",None,"{Timestamp('2018-01-01 00:00:00', freq='AS-JAN'): 37804.17349906734, Timestamp('2019-01-01 00:00:00', freq='AS-JAN'): 42102.42716355237}","{Timestamp('2018-01-01 00:00:00', freq='AS-JAN'): 4313.9587999930445, Timestamp('2019-01-01 00:00:00', freq='AS-JAN'): -51956518.63045228}","{Timestamp('2018-01-01 00:00:00', freq='AS-JAN'): 12182.53095520474, Timestamp('2019-01-01 00:00:00', freq='AS-JAN'): -1278956401.8674502}","{Timestamp('2018-01-01 00:00:00', freq='AS-JAN'): 16066.824081968982, Timestamp('2019-01-01 00:00:00', freq='AS-JAN'): -2613976.9085470214}","{Timestamp('2018-01-01 00:00:00', freq='AS-JAN'): -8872.012243043398, Timestamp('2019-01-01 00:00:00', freq='AS-JAN'): -879767.0246954001}",GB,"{'learning_rate': 0.1, 'max_depth': 5, 'n_estimators': 100, 'random_state': 1234, 'subsample': 0.1}",2018-07-01
67,"['isr_neto_(mdp)_r', 'iva_neto_(mdp)_r', 'ing_trib_sin_gasol_neto_(mdp)_r', 'ieps_sin_gas_neto_(mdp)_r', 'importaciones_neto_(mdp)_r']",None,"{Timestamp('2018-01-01 00:00:00', freq='AS-JAN'): 29077.763922487677, Timestamp('2019-01-01 00:00:00', freq='AS-JAN'): -201846.7862309136}","{Timestamp('2018-01-01 00:00:00', freq='AS-JAN'): 603.3492428492318, Timestamp('2019-01-01 00:00:00', freq='AS-JAN'): -47119.08909108983}","{Timestamp('2018-01-01 00:00:00', freq='AS-JAN'): -165390.08986281604, Timestamp('2019-01-01 00:00:00', freq='AS-JAN'): -2972986.4320316864}","{Timestamp('2018-01-01 00:00:00', freq='AS-JAN'): -43922.338588888524, Timestamp('2019-01-01 00:00:00', freq='AS-JAN'): -3427670.353365858}","{Timestamp('2018-01-01 00:00:00', freq='AS-JAN'): -47772.52216730174, Timestamp('2019-01-01 00:00:00', freq='AS-JAN'): -946698.8375186119}",GB,"{'learning_rate': 0.1, 'max_depth': 5, 'n_estimators': 100, 'random_state': 1234, 'subsample': 0.5}",2018-07-01
68,"['isr_neto_(mdp)_r', 'iva_neto_(mdp)_r', 'ing_trib_sin_gasol_neto_(mdp)_r', 'ieps_sin_gas_neto_(mdp)_r', 'importaciones_neto_(mdp)_r']",None,"{Timestamp('2018-01-01 00:00:00', freq='AS-JAN'): 33316.42730719742, Timestamp('2019-01-01 00:00:00', freq='AS-JAN'): -4799.627415791183}","{Timestamp('2018-01-01 00:00:00', freq='AS-JAN'): 439.79605207033455, Timestamp('2019-01-01 00:00:00', freq='AS-JAN'): -45163.11504460628}","{Timestamp('2018-01-01 00:00:00', freq='AS-JAN'): -59264.81785415672, Timestamp('2019-01-01 00:00:00', freq='AS-JAN'): -1888462.6053711923}","{Timestamp('2018-01-01 00:00:00', freq='AS-JAN'): -66441.43076473195, Timestamp('2019-01-01 00:00:00', freq='AS-JAN'): -1587407.060293515}","{Timestamp('2018-01-01 00:00:00', freq='AS-JAN'): -67652.90458189405, Timestamp('2019-01-01 00:00:00', freq='AS-JAN'): -550812.6113211638}",GB,"{'learning_rate': 0.1, 'max_depth': 5, 'n_estimators': 100, 'random_state': 1234, 'subsample': 1.0}",2018-07-01
69,"['isr_neto_(mdp)_r', 'iva_neto_(mdp)_r', 'ing_trib_sin_gasol_neto_(mdp)_r', 'ieps_sin_gas_neto_(mdp)_r', 'importaciones_neto_(mdp)_r']",None,"{Timestamp('2018-01-01 00:00:00', freq='AS-JAN'): 54128.11269549483, Timestamp('2019-01-01 00:00:00', freq='AS-JAN'): -496843.97278235207}","{Timestamp('2018-01-01 00:00:00', freq='AS-JAN'): 19416.416847751912, Timestamp('2019-01-01 00:00:00', freq='AS-JAN'): -2047413319771.7988}","{Timestamp('2018-01-01 00:00:00', freq='AS-JAN'): 584286.5975855934, Timestamp('2019-01-01 00:00:00', freq='AS-JAN'): -1139895521104881.2}","{Timestamp('2018-01-01 00:00:00', freq='AS-JAN'): 406035.0610230714, Timestamp('2019-01-01 00:00:00', freq='AS-JAN'): -1053284.5019206514}","{Timestamp('2018-01-01 00:00:00', freq='AS-JAN'): 130971.53787465324, Timestamp('2019-01-01 00:00:00', freq='AS-JAN'): -18684766.25065635}",GB,"{'learning_rate': 0.1, 'max_depth': 5, 'n_estimators': 1000, 'random_state': 1234, 'subsample': 0.1}",2018-07-01
70,"['isr_neto_(mdp)_r', 'iva_neto_(mdp)_r', 'ing_trib_sin_gasol_neto_(mdp)_r', 'ieps_sin_gas_neto_(mdp)_r', 'importaciones_neto_(mdp)_r']",None,"{Timestamp('2018-01-01 00:00:00', freq='AS-JAN'): 20936.44782275404, Timestamp('2019-01-01 00:00:00', freq='AS-JAN'): -856465.8387317313}","{Timestamp('2018-01-01 00:00:00', freq='AS-JAN'): -433.58733767700323, Timestamp('2019-01-01 00:00:00', freq='AS-JAN'): -59329.49699888438}","{Timestamp('2018-01-01 00:00:00', freq='AS-JAN'): -641761.9054698264, Timestamp('2019-01-01 00:00:00', freq='AS-JAN'): -7222718.70459882}","{Timestamp('2018-01-01 00:00:00', freq='AS-JAN'): -457964.58385037165, Timestamp('2019-01-01 00:00:00', freq='AS-JAN'): -20388506.89397381}","{Timestamp('2018-01-01 00:00:00', freq='AS-JAN'): -65016.49510733283, Timestamp('2019-01-01 00:00:00', freq='AS-JAN'): -1616144.2553472202}",GB,"{'learning_rate': 0.1, 'max_depth': 5, 'n_estimators': 1000, 'random_state': 1234, 'subsample': 0.5}",2018-07-01
71,"['isr_neto_(mdp)_r', 'iva_neto_(mdp)_r', 'ing_trib_sin_gasol_neto_(mdp)_r', 'ieps_sin_gas_neto_(mdp)_r', 'importaciones_neto_(mdp)_r']",None,"{Timestamp('2018-01-01 00:00:00', freq='AS-JAN'): 44092.1953478791, Timestamp('2019-01-01 00:00:00', freq='AS-JAN'): 58065.046878695575}","{Timestamp('2018-01-01 00:00:00', freq='AS-JAN'): -2903.296226054197, Timestamp('2019-01-01 00:00:00', freq='AS-JAN'): -48021.83333344608}","{Timestamp('2018-01-01 00:00:00', freq='AS-JAN'): -52199.57609176217, Timestamp('2019-01-01 00:00:00', freq='AS-JAN'): -2488704.249323331}","{Timestamp('2018-01-01 00:00:00', freq='AS-JAN'): 6384.796084245667, Timestamp('2019-01-01 00:00:00', freq='AS-JAN'): -2691133.0155123314}","{Timestamp('2018-01-01 00:00:00', freq='AS-JAN'): -75384.79331525858, Timestamp('2019-01-01 00:00:00', freq='AS-JAN'): -869444.1098782893}",GB,"{'learning_rate': 0.1, 'max_depth': 5, 'n_estimators': 1000, 'random_state': 1234, 'subsample': 1.0}",2018-07-01
72,"['isr_neto_(mdp)_r', 'iva_neto_(mdp)_r', 'ing_trib_sin_gasol_neto_(mdp)_r', 'ieps_sin_gas_neto_(mdp)_r', 'importaciones_neto_(mdp)_r']",None,"{Timestamp('2018-01-01 00:00:00', freq='AS-JAN'): 49297.83248257049, Timestamp('2019-01-01 00:00:00', freq='AS-JAN'): 37871.16751884685}","{Timestamp('2018-01-01 00:00:00', freq='AS-JAN'): 12764.206660991927, Timestamp('2019-01-01 00:00:00', freq='AS-JAN'): 20541.5157313678}","{Timestamp('2018-01-01 00:00:00', freq='AS-JAN'): 279788.4881881182, Timestamp('2019-01-01 00:00:00', freq='AS-JAN'): 705351.9763674696}","{Timestamp('2018-01-01 00:00:00', freq='AS-JAN'): 167110.50538475649, Timestamp('2019-01-01 00:00:00', freq='AS-JAN'): 714912.0310052685}","{Timestamp('2018-01-01 00:00:00', freq='AS-JAN'): 246779.29649979644, Timestamp('2019-01-01 00:00:00', freq='AS-JAN'): 419158.1976759094}",GB,"{'learning_rate': 0.1, 'max_depth': 10, 'n_estimators': 100, 'random_state': 1234, 'subsample': 0.1}",2018-07-01
73,"['isr_neto_(mdp)_r', 'iva_neto_(mdp)_r', 'ing_trib_sin_gasol_neto_(mdp)_r', 'ieps_sin_gas_neto_(mdp)_r', 'importaciones_neto_(mdp)_r']",None,"{Timestamp('2018-01-01 00:00:00', freq='AS-JAN'): 23665.260124594643, Timestamp('2019-01-01 00:00:00', freq='AS-JAN'): -42816.23166150124}","{Timestamp('2018-01-01 00:00:00', freq='AS-JAN'): 589.8839754322689, Timestamp('2019-01-01 00:00:00', freq='AS-JAN'): -39879.586873655775}","{Timestamp('2018-01-01 00:00:00', freq='AS-JAN'): -264707.9530769875, Timestamp('2019-01-01 00:00:00', freq='AS-JAN'): -2178112.5671854243}","{Timestamp('2018-01-01 00:00:00', freq='AS-JAN'): -256644.62298419955, Timestamp('2019-01-01 00:00:00', freq='AS-JAN'): -2024041.4636314504}","{Timestamp('2018-01-01 00:00:00', freq='AS-JAN'): -114714.56612630584, Timestamp('2019-01-01 00:00:00', freq='AS-JAN'): -876169.6204437476}",GB,"{'learning_rate': 0.1, 'max_depth': 10, 'n_estimators': 100, 'random_state': 1234, 'subsample': 0.5}",2018-07-01
74,"['isr_neto_(mdp)_r', 'iva_neto_(mdp)_r', 'ing_trib_sin_gasol_neto_(mdp)_r', 'ieps_sin_gas_neto_(mdp)_r', 'importaciones_neto_(mdp)_r']",None,"{Timestamp('2018-01-01 00:00:00', freq='AS-JAN'): 38855.74078739845, Timestamp('2019-01-01 00:00:00', freq='AS-JAN'): 6469.34028578391}","{Timestamp('2018-01-01 00:00:00', freq='AS-JAN'): 3153.146546742246, Timestamp('2019-01-01 00:00:00', freq='AS-JAN'): -31385.01712014682}","{Timestamp('2018-01-01 00:00:00', freq='AS-JAN'): -78339.85652611498, Timestamp('2019-01-01 00:00:00', freq='AS-JAN'): -1479704.0983943974}","{Timestamp('2018-01-01 00:00:00', freq='AS-JAN'): -111064.74454863323, Timestamp('2019-01-01 00:00:00', freq='AS-JAN'): -1121537.5340121437}","{Timestamp('2018-01-01 00:00:00', freq='AS-JAN'): -47496.93377213855, Timestamp('2019-01-01 00:00:00', freq='AS-JAN'): -433638.55215975863}",GB,"{'learning_rate': 0.1, 'max_depth': 10, 'n_estimators': 100, 'random_state': 1234, 'subsample': 1.0}",2018-07-01
75,"['isr_neto_(mdp)_r', 'iva_neto_(mdp)_r', 'ing_trib_sin_gasol_neto_(mdp)_r', 'ieps_sin_gas_neto_(mdp)_r', 'importaciones_neto_(mdp)_r']",None,"{Timestamp('2018-01-01 00:00:00', freq='AS-JAN'): 53026.80796106276, Timestamp('2019-01-01 00:00:00', freq='AS-JAN'): 29633.177341104747}","{Timestamp('2018-01-01 00:00:00', freq='AS-JAN'): 8791.332657602565, Timestamp('2019-01-01 00:00:00', freq='AS-JAN'): -1748671099488.4404}","{Timestamp('2018-01-01 00:00:00', freq='AS-JAN'): 478150.1896283729, Timestamp('2019-01-01 00:00:00', freq='AS-JAN'): -1641419119432.712}","{Timestamp('2018-01-01 00:00:00', freq='AS-JAN'): 181234.34865458566, Timestamp('2019-01-01 00:00:00', freq='AS-JAN'): -7956628409300.767}","{Timestamp('2018-01-01 00:00:00', freq='AS-JAN'): 147799.055607524, Timestamp('2019-01-01 00:00:00', freq='AS-JAN'): -1334904722407.4468}",GB,"{'learning_rate': 0.1, 'max_depth': 10, 'n_estimators': 1000, 'random_state': 1234, 'subsample': 0.1}",2018-07-01
76,"['isr_neto_(mdp)_r', 'iva_neto_(mdp)_r', 'ing_trib_sin_gasol_neto_(mdp)_r', 'ieps_sin_gas_neto_(mdp)_r', 'importaciones_neto_(mdp)_r']",None,"{Timestamp('2018-01-01 00:00:00', freq='AS-JAN'): 28935.43556589476, Timestamp('2019-01-01 00:00:00', freq='AS-JAN'): -35272.36121658623}","{Timestamp('2018-01-01 00:00:00', freq='AS-JAN'): 1150.442741982246, Timestamp('2019-01-01 00:00:00', freq='AS-JAN'): -38892.17897352598}","{Timestamp('2018-01-01 00:00:00', freq='AS-JAN'): -292361.05576955946, Timestamp('2019-01-01 00:00:00', freq='AS-JAN'): -2437976.1837681886}","{Timestamp('2018-01-01 00:00:00', freq='AS-JAN'): -258626.16620425275, Timestamp('2019-01-01 00:00:00', freq='AS-JAN'): -2406132.879558511}","{Timestamp('2018-01-01 00:00:00', freq='AS-JAN'): -139101.2527601563, Timestamp('2019-01-01 00:00:00', freq='AS-JAN'): -1031580.6774162063}",GB,"{'learning_rate': 0.1, 'max_depth': 10, 'n_estimators': 1000, 'random_state': 1234, 'subsample': 0.5}",2018-07-01
77,"['isr_neto_(mdp)_r', 'iva_neto_(mdp)_r', 'ing_trib_sin_gasol_neto_(mdp)_r', 'ieps_sin_gas_neto_(mdp)_r', 'importaciones_neto_(mdp)_r']",None,"{Timestamp('2018-01-01 00:00:00', freq='AS-JAN'): 38879.46136089746, Timestamp('2019-01-01 00:00:00', freq='AS-JAN'): 6544.72160946799}","{Timestamp('2018-01-01 00:00:00', freq='AS-JAN'): 3136.998662996979, Timestamp('2019-01-01 00:00:00', freq='AS-JAN'): -31398.033194873235}","{Timestamp('2018-01-01 00:00:00', freq='AS-JAN'): -77431.6801236528, Timestamp('2019-01-01 00:00:00', freq='AS-JAN'): -1480473.7062906718}","{Timestamp('2018-01-01 00:00:00', freq='AS-JAN'): -111232.82545519713, Timestamp('2019-01-01 00:00:00', freq='AS-JAN'): -1127151.2228401578}","{Timestamp('2018-01-01 00:00:00', freq='AS-JAN'): -49818.35216960963, Timestamp('2019-01-01 00:00:00', freq='AS-JAN'): -439090.4393219203}",GB,"{'learning_rate': 0.1, 'max_depth': 10, 'n_estimators': 1000, 'random_state': 1234, 'subsample': 1.0}",2018-07-01
78,"['isr_neto_(mdp)_r', 'iva_neto_(mdp)_r', 'ing_trib_sin_gasol_neto_(mdp)_r', 'ieps_sin_gas_neto_(mdp)_r', 'importaciones_neto_(mdp)_r']",None,"{Timestamp('2018-01-01 00:00:00', freq='AS-JAN'): -123477.27241157708, Timestamp('2019-01-01 00:00:00', freq='AS-JAN'): -34630.95169507479}","{Timestamp('2018-01-01 00:00:00', freq='AS-JAN'): -49482.709346831776, Timestamp('2019-01-01 00:00:00', freq='AS-JAN'): -143791.0709229879}","{Timestamp('2018-01-01 00:00:00', freq='AS-JAN'): -3977145.6967581846, Timestamp('2019-01-01 00:00:00', freq='AS-JAN'): -1940638.0713638787}","{Timestamp('2018-01-01 00:00:00', freq='AS-JAN'): -2647027.703725738, Timestamp('2019-01-01 00:00:00', freq='AS-JAN'): -197988254.65756822}","{Timestamp('2018-01-01 00:00:00', freq='AS-JAN'): -2126026.154907286, Timestamp('2019-01-01 00:00:00', freq='AS-JAN'): -4860057.61188749}",GB,"{'learning_rate': 0.5, 'max_depth': 5, 'n_estimators': 100, 'random_state': 1234, 'subsample': 0.1}",2018-07-01
79,"['isr_neto_(mdp)_r', 'iva_neto_(mdp)_r', 'ing_trib_sin_gasol_neto_(mdp)_r', 'ieps_sin_gas_neto_(mdp)_r', 'importaciones_neto_(mdp)_r']",None,"{Timestamp('2018-01-01 00:00:00', freq='AS-JAN'): 44868.98608431169, Timestamp('2019-01-01 00:00:00', freq='AS-JAN'): 14999.495924176023}","{Timestamp('2018-01-01 00:00:00', freq='AS-JAN'): 15142.086587769678, Timestamp('2019-01-01 00:00:00', freq='AS-JAN'): -17201.92708095682}","{Timestamp('2018-01-01 00:00:00', freq='AS-JAN'): -51205.07551794918, Timestamp('2019-01-01 00:00:00', freq='AS-JAN'): -545224.8836943142}","{Timestamp('2018-01-01 00:00:00', freq='AS-JAN'): 276409.6591373284, Timestamp('2019-01-01 00:00:00', freq='AS-JAN'): 173675.72587491153}","{Timestamp('2018-01-01 00:00:00', freq='AS-JAN'): 129477.6502020281, Timestamp('2019-01-01 00:00:00', freq='AS-JAN'): -54508.10479432938}",GB,"{'learning_rate': 0.5, 'max_depth': 5, 'n_estimators': 100, 'random_state': 1234, 'subsample': 0.5}",2018-07-01
80,"['isr_neto_(mdp)_r', 'iva_neto_(mdp)_r', 'ing_trib_sin_gasol_neto_(mdp)_r', 'ieps_sin_gas_neto_(mdp)_r', 'importaciones_neto_(mdp)_r']",None,"{Timestamp('2018-01-01 00:00:00', freq='AS-JAN'): 38567.00675769629, Timestamp('2019-01-01 00:00:00', freq='AS-JAN'): 29275.02474760716}","{Timestamp('2018-01-01 00:00:00', freq='AS-JAN'): -570.8549997681112, Timestamp('2019-01-01 00:00:00', freq='AS-JAN'): -43952.48704296806}","{Timestamp('2018-01-01 00:00:00', freq='AS-JAN'): -50714.2263343595, Timestamp('2019-01-01 00:00:00', freq='AS-JAN'): -1972445.0330633095}","{Timestamp('2018-01-01 00:00:00', freq='AS-JAN'): 31536.229529972188, Timestamp('2019-01-01 00:00:00', freq='AS-JAN'): -2265981.7914132215}","{Timestamp('2018-01-01 00:00:00', freq='AS-JAN'): -43022.04367041611, Timestamp('2019-01-01 00:00:00', freq='AS-JAN'): -469054.1470485962}",GB,"{'learning_rate': 0.5, 'max_depth': 5, 'n_estimators': 100, 'random_state': 1234, 'subsample': 1.0}",2018-07-01
81,"['isr_neto_(mdp)_r', 'iva_neto_(mdp)_r', 'ing_trib_sin_gasol_neto_(mdp)_r', 'ieps_sin_gas_neto_(mdp)_r', 'importaciones_neto_(mdp)_r']",None,"{Timestamp('2018-01-01 00:00:00', freq='AS-JAN'): -6.869077999575297e+22, Timestamp('2019-01-01 00:00:00', freq='AS-JAN'): 80654.93239400063}","{Timestamp('2018-01-01 00:00:00', freq='AS-JAN'): -3.772606523226154e+24, Timestamp('2019-01-01 00:00:00', freq='AS-JAN'): 31980.585856467515}","{Timestamp('2018-01-01 00:00:00', freq='AS-JAN'): -4.695247702229183e+19, Timestamp('2019-01-01 00:00:00', freq='AS-JAN'): 1547006.3648296555}","{Timestamp('2018-01-01 00:00:00', freq='AS-JAN'): -8.586721032202694e+16, Timestamp('2019-01-01 00:00:00', freq='AS-JAN'): 927589.4158697634}","{Timestamp('2018-01-01 00:00:00', freq='AS-JAN'): -5.065234918255279e+22, Timestamp('2019-01-01 00:00:00', freq='AS-JAN'): 478246.08543087635}",GB,"{'learning_rate': 0.5, 'max_depth': 5, 'n_estimators': 1000, 'random_state': 1234, 'subsample': 0.1}",2018-07-01
82,"['isr_neto_(mdp)_r', 'iva_neto_(mdp)_r', 'ing_trib_sin_gasol_neto_(mdp)_r', 'ieps_sin_gas_neto_(mdp)_r', 'importaciones_neto_(mdp)_r']",None,"{Timestamp('2018-01-01 00:00:00', freq='AS-JAN'): 36731.04010225549, Timestamp('2019-01-01 00:00:00', freq='AS-JAN'): 7911.257325812563}","{Timestamp('2018-01-01 00:00:00', freq='AS-JAN'): 5000.778863696934, Timestamp('2019-01-01 00:00:00', freq='AS-JAN'): -57164.596520599094}","{Timestamp('2018-01-01 00:00:00', freq='AS-JAN'): -735616.2377418908, Timestamp('2019-01-01 00:00:00', freq='AS-JAN'): -1605498.296921192}","{Timestamp('2018-01-01 00:00:00', freq='AS-JAN'): 200609.34738531103, Timestamp('2019-01-01 00:00:00', freq='AS-JAN'): -225088.97798478534}","{Timestamp('2018-01-01 00:00:00', freq='AS-JAN'): 110620.6601194595, Timestamp('2019-01-01 00:00:00', freq='AS-JAN'): -34823.06761007098}",GB,"{'learning_rate': 0.5, 'max_depth': 5, 'n_estimators': 1000, 'random_state': 1234, 'subsample': 0.5}",2018-07-01
83,"['isr_neto_(mdp)_r', 'iva_neto_(mdp)_r', 'ing_trib_sin_gasol_neto_(mdp)_r', 'ieps_sin_gas_neto_(mdp)_r', 'importaciones_neto_(mdp)_r']",None,"{Timestamp('2018-01-01 00:00:00', freq='AS-JAN'): 38722.265171337334, Timestamp('2019-01-01 00:00:00', freq='AS-JAN'): 32476.639767537585}","{Timestamp('2018-01-01 00:00:00', freq='AS-JAN'): -427.4845679613063, Timestamp('2019-01-01 00:00:00', freq='AS-JAN'): -42215.2626140552}","{Timestamp('2018-01-01 00:00:00', freq='AS-JAN'): -52190.06829836825, Timestamp('2019-01-01 00:00:00', freq='AS-JAN'): -2047623.4242843797}","{Timestamp('2018-01-01 00:00:00', freq='AS-JAN'): 28186.347084274283, Timestamp('2019-01-01 00:00:00', freq='AS-JAN'): -2275282.5060249846}","{Timestamp('2018-01-01 00:00:00', freq='AS-JAN'): -47610.45256995503, Timestamp('2019-01-01 00:00:00', freq='AS-JAN'): -490691.97115633776}",GB,"{'learning_rate': 0.5, 'max_depth': 5, 'n_estimators': 1000, 'random_state': 1234, 'subsample': 1.0}",2018-07-01
84,"['isr_neto_(mdp)_r', 'iva_neto_(mdp)_r', 'ing_trib_sin_gasol_neto_(mdp)_r', 'ieps_sin_gas_neto_(mdp)_r', 'importaciones_neto_(mdp)_r']",None,"{Timestamp('2018-01-01 00:00:00', freq='AS-JAN'): 46338.01964435834, Timestamp('2019-01-01 00:00:00', freq='AS-JAN'): -308424.7866424987}","{Timestamp('2018-01-01 00:00:00', freq='AS-JAN'): -6215.747398111198, Timestamp('2019-01-01 00:00:00', freq='AS-JAN'): -22439.205484436367}","{Timestamp('2018-01-01 00:00:00', freq='AS-JAN'): -414475.6680721324, Timestamp('2019-01-01 00:00:00', freq='AS-JAN'): -1853448.3976088704}","{Timestamp('2018-01-01 00:00:00', freq='AS-JAN'): -327062.62959847506, Timestamp('2019-01-01 00:00:00', freq='AS-JAN'): -1968342.483140156}","{Timestamp('2018-01-01 00:00:00', freq='AS-JAN'): -182707.53632445657, Timestamp('2019-01-01 00:00:00', freq='AS-JAN'): -2981475.108720571}",GB,"{'learning_rate': 0.5, 'max_depth': 10, 'n_estimators': 100, 'random_state': 1234, 'subsample': 0.5}",2018-07-01
85,"['isr_neto_(mdp)_r', 'iva_neto_(mdp)_r', 'ing_trib_sin_gasol_neto_(mdp)_r', 'ieps_sin_gas_neto_(mdp)_r', 'importaciones_neto_(mdp)_r']",None,"{Timestamp('2018-01-01 00:00:00', freq='AS-JAN'): 30763.773351067444, Timestamp('2019-01-01 00:00:00', freq='AS-JAN'): -24563.39630789736}","{Timestamp('2018-01-01 00:00:00', freq='AS-JAN'): 4726.991475424278, Timestamp('2019-01-01 00:00:00', freq='AS-JAN'): -40376.71304503536}","{Timestamp('2018-01-01 00:00:00', freq='AS-JAN'): -95588.97310330393, Timestamp('2019-01-01 00:00:00', freq='AS-JAN'): -2244628.899822019}","{Timestamp('2018-01-01 00:00:00', freq='AS-JAN'): -101221.52374384995, Timestamp('2019-01-01 00:00:00', freq='AS-JAN'): -1661223.5827190422}","{Timestamp('2018-01-01 00:00:00', freq='AS-JAN'): -30825.603606126737, Timestamp('2019-01-01 00:00:00', freq='AS-JAN'): -473641.18502635916}",GB,"{'learning_rate': 0.5, 'max_depth': 10, 'n_estimators': 100, 'random_state': 1234, 'subsample': 1.0}",2018-07-01
86,"['isr_neto_(mdp)_r', 'iva_neto_(mdp)_r', 'ing_trib_sin_gasol_neto_(mdp)_r', 'ieps_sin_gas_neto_(mdp)_r', 'importaciones_neto_(mdp)_r']",None,"{Timestamp('2018-01-01 00:00:00', freq='AS-JAN'): 59604.45027583049, Timestamp('2019-01-01 00:00:00', freq='AS-JAN'): 12594.095329850432}","{Timestamp('2018-01-01 00:00:00', freq='AS-JAN'): -5278.09647496308, Timestamp('2019-01-01 00:00:00', freq='AS-JAN'): -28470.489703416286}","{Timestamp('2018-01-01 00:00:00', freq='AS-JAN'): -538110.8554457775, Timestamp('2019-01-01 00:00:00', freq='AS-JAN'): -3499467.920475493}","{Timestamp('2018-01-01 00:00:00', freq='AS-JAN'): -402380.03835855285, Timestamp('2019-01-01 00:00:00', freq='AS-JAN'): -1461178.358394984}","{Timestamp('2018-01-01 00:00:00', freq='AS-JAN'): -8465.072708759457, Timestamp('2019-01-01 00:00:00', freq='AS-JAN'): -1177557.5397597}",GB,"{'learning_rate': 0.5, 'max_depth': 10, 'n_estimators': 1000, 'random_state': 1234, 'subsample': 0.5}",2018-07-01
87,"['isr_neto_(mdp)_r', 'iva_neto_(mdp)_r', 'ing_trib_sin_gasol_neto_(mdp)_r', 'ieps_sin_gas_neto_(mdp)_r', 'importaciones_neto_(mdp)_r']",None,"{Timestamp('2018-01-01 00:00:00', freq='AS-JAN'): 30763.773351067444, Timestamp('2019-01-01 00:00:00', freq='AS-JAN'): -24563.39630789736}","{Timestamp('2018-01-01 00:00:00', freq='AS-JAN'): 4726.991475424278, Timestamp('2019-01-01 00:00:00', freq='AS-JAN'): -40376.71304503536}","{Timestamp('2018-01-01 00:00:00', freq='AS-JAN'): -95588.97310330393, Timestamp('2019-01-01 00:00:00', freq='AS-JAN'): -2244628.899822019}","{Timestamp('2018-01-01 00:00:00', freq='AS-JAN'): -101221.52374384995, Timestamp('2019-01-01 00:00:00', freq='AS-JAN'): -1661223.5827190422}","{Timestamp('2018-01-01 00:00:00', freq='AS-JAN'): -30825.603606126737, Timestamp('2019-01-01 00:00:00', freq='AS-JAN'): -473641.18502635916}",GB,"{'learning_rate': 0.5, 'max_depth': 10, 'n_estimators': 1000, 'random_state': 1234, 'subsample': 1.0}",2018-07-01
